Date,Nifty50 Index Value,Nifty SmallCap 250 Index
2005-04-01,2068.0,1000.0
2005-04-04,2063.0,1008.0
2005-04-05,2053.0,999.0
2005-04-06,2069.0,1017.0
2005-04-07,2053.0,1019.0
2005-04-08,2031.0,1011.0
2005-04-11,2008.0,1004.0
2005-04-12,2025.0,1012.0
2005-04-13,2025.0,1010.0
2005-04-15,1956.0,984.0
2005-04-18,1928.0,979.0
2005-04-19,1909.0,974.0
2005-04-20,1930.0,981.0
2005-04-21,1949.0,997.0
2005-04-22,1967.0,1011.0
2005-04-25,1971.0,1018.0
2005-04-26,1957.0,1021.0
2005-04-27,1935.0,1014.0
2005-04-28,1941.0,1014.0
2005-04-29,1903.0,994.0
2005-05-02,1917.0,986.0
2005-05-03,1921.0,992.0
2005-05-04,1943.0,1010.0
2005-05-05,1963.0,1023.0
2005-05-06,1978.0,1029.0
2005-05-09,2001.0,1045.0
2005-05-10,1994.0,1050.0
2005-05-11,1986.0,1054.0
2005-05-12,1993.0,1074.0
2005-05-13,1988.0,1089.0
2005-05-16,2013.0,1104.0
2005-05-17,1991.0,1091.0
2005-05-18,1983.0,1094.0
2005-05-19,1991.0,1108.0
2005-05-20,1992.0,1111.0
2005-05-23,2014.0,1119.0
2005-05-24,2029.0,1118.0
2005-05-25,2044.0,1124.0
2005-05-26,2075.0,1120.0
2005-05-27,2076.0,1110.0
2005-05-30,2072.0,1098.0
2005-05-31,2088.0,1109.0
2005-06-01,2088.0,1118.0
2005-06-02,2065.0,1110.0
2005-06-03,2094.0,1124.0
2005-06-04,2092.0,1136.0
2005-06-06,2093.0,1142.0
2005-06-07,2098.0,1147.0
2005-06-08,2112.0,1150.0
2005-06-09,2103.0,1153.0
2005-06-10,2091.0,1148.0
2005-06-13,2103.0,1151.0
2005-06-14,2112.0,1155.0
2005-06-15,2129.0,1162.0
2005-06-16,2124.0,1137.0
2005-06-17,2123.0,1117.0
2005-06-20,2144.0,1104.0
2005-06-21,2170.0,1112.0
2005-06-22,2187.0,1113.0
2005-06-23,2184.0,1118.0
2005-06-24,2194.0,1130.0
2005-06-27,2200.0,1125.0
2005-06-28,2170.0,1103.0
2005-06-29,2192.0,1114.0
2005-06-30,2221.0,1123.0
2005-07-01,2212.0,1140.0
2005-07-04,2231.0,1157.0
2005-07-05,2211.0,1149.0
2005-07-06,2228.0,1171.0
2005-07-07,2179.0,1157.0
2005-07-08,2196.0,1179.0
2005-07-11,2219.0,1198.0
2005-07-12,2221.0,1203.0
2005-07-13,2204.0,1215.0
2005-07-14,2185.0,1218.0
2005-07-15,2213.0,1236.0
2005-07-18,2234.0,1259.0
2005-07-19,2237.0,1263.0
2005-07-20,2242.0,1269.0
2005-07-21,2231.0,1265.0
2005-07-22,2266.0,1280.0
2005-07-25,2292.0,1282.0
2005-07-26,2303.0,1274.0
2005-07-27,2319.0,1268.0
2005-07-29,2312.0,1255.0
2005-08-01,2318.0,1257.0
2005-08-02,2354.0,1284.0
2005-08-03,2357.0,1282.0
2005-08-04,2368.0,1299.0
2005-08-05,2361.0,1316.0
2005-08-08,2324.0,1306.0
2005-08-09,2319.0,1310.0
2005-08-10,2360.0,1343.0
2005-08-11,2381.0,1359.0
2005-08-12,2362.0,1368.0
2005-08-16,2370.0,1393.0
2005-08-17,2403.0,1415.0
2005-08-18,2388.0,1409.0
2005-08-19,2383.0,1424.0
2005-08-22,2368.0,1428.0
2005-08-23,2326.0,1386.0
2005-08-24,2323.0,1374.0
2005-08-25,2355.0,1401.0
2005-08-26,2357.0,1413.0
2005-08-29,2338.0,1426.0
2005-08-30,2368.0,1442.0
2005-08-31,2385.0,1466.0
2005-09-01,2406.0,1481.0
2005-09-02,2416.0,1482.0
2005-09-05,2423.0,1490.0
2005-09-06,2429.0,1489.0
2005-09-08,2454.0,1502.0
2005-09-09,2455.0,1492.0
2005-09-12,2484.0,1513.0
2005-09-13,2500.0,1524.0
2005-09-14,2492.0,1516.0
2005-09-15,2524.0,1540.0
2005-09-16,2552.0,1553.0
2005-09-19,2567.0,1563.0
2005-09-20,2578.0,1555.0
2005-09-21,2567.0,1510.0
2005-09-22,2477.0,1405.0
2005-09-23,2478.0,1417.0
2005-09-26,2557.0,1480.0
2005-09-27,2575.0,1494.0
2005-09-28,2598.0,1500.0
2005-09-29,2611.0,1482.0
2005-09-30,2601.0,1464.0
2005-10-03,2630.0,1490.0
2005-10-04,2663.0,1511.0
2005-10-05,2644.0,1503.0
2005-10-06,2579.0,1483.0
2005-10-07,2574.0,1480.0
2005-10-10,2567.0,1469.0
2005-10-11,2590.0,1455.0
2005-10-13,2537.0,1444.0
2005-10-14,2484.0,1407.0
2005-10-17,2485.0,1387.0
2005-10-18,2468.0,1386.0
2005-10-19,2412.0,1333.0
2005-10-20,2395.0,1305.0
2005-10-21,2444.0,1319.0
2005-10-24,2395.0,1320.0
2005-10-25,2418.0,1322.0
2005-10-26,2409.0,1323.0
2005-10-27,2353.0,1305.0
2005-10-28,2316.0,1277.0
2005-10-31,2371.0,1300.0
2005-11-01,2387.0,1326.0
2005-11-02,2419.0,1329.0
2005-11-07,2462.0,1357.0
2005-11-08,2493.0,1375.0
2005-11-09,2489.0,1373.0
2005-11-10,2501.0,1382.0
2005-11-11,2549.0,1406.0
2005-11-14,2559.0,1410.0
2005-11-16,2583.0,1422.0
2005-11-17,2604.0,1427.0
2005-11-18,2620.0,1430.0
2005-11-21,2603.0,1417.0
2005-11-22,2573.0,1409.0
2005-11-23,2609.0,1423.0
2005-11-24,2635.0,1435.0
2005-11-25,2664.0,1446.0
2005-11-26,2683.0,1455.0
2005-11-28,2712.0,1468.0
2005-11-29,2698.0,1462.0
2005-11-30,2652.0,1455.0
2005-12-01,2699.0,1468.0
2005-12-02,2698.0,1475.0
2005-12-05,2661.0,1476.0
2005-12-06,2662.0,1485.0
2005-12-07,2693.0,1495.0
2005-12-08,2707.0,1508.0
2005-12-09,2756.0,1527.0
2005-12-12,2776.0,1528.0
2005-12-13,2812.0,1526.0
2005-12-14,2805.0,1521.0
2005-12-15,2779.0,1509.0
2005-12-16,2810.0,1516.0
2005-12-19,2843.0,1522.0
2005-12-20,2826.0,1516.0
2005-12-21,2823.0,1518.0
2005-12-22,2835.0,1520.0
2005-12-23,2805.0,1508.0
2005-12-26,2750.0,1476.0
2005-12-27,2806.0,1502.0
2005-12-28,2794.0,1506.0
2005-12-29,2822.0,1524.0
2005-12-30,2837.0,1538.0
2006-01-02,2836.0,1562.0
2006-01-03,2883.0,1592.0
2006-01-04,2904.0,1599.0
2006-01-05,2900.0,1597.0
2006-01-06,2914.0,1609.0
2006-01-09,2910.0,1617.0
2006-01-10,2871.0,1605.0
2006-01-12,2851.0,1612.0
2006-01-13,2851.0,1623.0
2006-01-16,2833.0,1610.0
2006-01-17,2829.0,1596.0
2006-01-18,2809.0,1580.0
2006-01-19,2871.0,1621.0
2006-01-20,2901.0,1632.0
2006-01-23,2884.0,1636.0
2006-01-24,2908.0,1648.0
2006-01-25,2940.0,1637.0
2006-01-27,2983.0,1640.0
2006-01-30,2975.0,1616.0
2006-01-31,3001.0,1616.0
2006-02-01,2972.0,1591.0
2006-02-02,2967.0,1590.0
2006-02-03,2941.0,1587.0
2006-02-06,3000.0,1598.0
2006-02-07,3020.0,1597.0
2006-02-08,3009.0,1600.0
2006-02-10,3028.0,1614.0
2006-02-13,3041.0,1632.0
2006-02-14,3018.0,1622.0
2006-02-15,3022.0,1625.0
2006-02-16,3022.0,1630.0
2006-02-17,2982.0,1607.0
2006-02-20,3006.0,1594.0
2006-02-21,3036.0,1609.0
2006-02-22,3051.0,1603.0
2006-02-23,3062.0,1595.0
2006-02-24,3050.0,1594.0
2006-02-27,3067.0,1603.0
2006-02-28,3075.0,1601.0
2006-03-01,3123.0,1627.0
2006-03-02,3151.0,1633.0
2006-03-03,3147.0,1642.0
2006-03-06,3190.0,1664.0
2006-03-07,3183.0,1676.0
2006-03-08,3117.0,1657.0
2006-03-09,3129.0,1663.0
2006-03-10,3184.0,1684.0
2006-03-13,3203.0,1692.0
2006-03-14,3195.0,1685.0
2006-03-16,3227.0,1687.0
2006-03-17,3234.0,1676.0
2006-03-20,3266.0,1688.0
2006-03-21,3262.0,1685.0
2006-03-22,3240.0,1671.0
2006-03-23,3247.0,1673.0
2006-03-24,3280.0,1683.0
2006-03-27,3322.0,1703.0
2006-03-28,3325.0,1693.0
2006-03-29,3354.0,1715.0
2006-03-30,3419.0,1737.0
2006-03-31,3403.0,1762.0
2006-04-03,3473.0,1817.0
2006-04-04,3483.0,1832.0
2006-04-05,3511.0,1859.0
2006-04-07,3455.0,1837.0
2006-04-10,3478.0,1856.0
2006-04-12,3380.0,1833.0
2006-04-13,3346.0,1794.0
2006-04-17,3425.0,1830.0
2006-04-18,3518.0,1851.0
2006-04-19,3536.0,1861.0
2006-04-20,3574.0,1874.0
2006-04-21,3573.0,1877.0
2006-04-24,3549.0,1899.0
2006-04-25,3463.0,1886.0
2006-04-26,3556.0,1923.0
2006-04-27,3508.0,1940.0
2006-04-28,3508.0,1925.0
2006-04-29,3558.0,1977.0
2006-05-02,3605.0,2001.0
2006-05-03,3634.0,2012.0
2006-05-04,3648.0,2018.0
2006-05-05,3664.0,2027.0
2006-05-08,3693.0,2051.0
2006-05-09,3721.0,2065.0
2006-05-10,3754.0,2095.0
2006-05-11,3701.0,2086.0
2006-05-12,3650.0,2082.0
2006-05-15,3503.0,2028.0
2006-05-16,3523.0,1997.0
2006-05-17,3635.0,2073.0
2006-05-18,3389.0,1929.0
2006-05-19,3247.0,1854.0
2006-05-22,3081.0,1725.0
2006-05-23,3199.0,1793.0
2006-05-24,3116.0,1804.0
2006-05-25,3178.0,1801.0
2006-05-26,3210.0,1845.0
2006-05-29,3215.0,1864.0
2006-05-30,3185.0,1870.0
2006-05-31,3071.0,1815.0
2006-06-01,2962.0,1771.0
2006-06-02,3091.0,1740.0
2006-06-05,3017.0,1707.0
2006-06-06,2937.0,1644.0
2006-06-07,2860.0,1531.0
2006-06-08,2724.0,1402.0
2006-06-09,2866.0,1469.0
2006-06-12,2777.0,1438.0
2006-06-13,2663.0,1353.0
2006-06-14,2633.0,1305.0
2006-06-15,2799.0,1356.0
2006-06-16,2890.0,1416.0
2006-06-19,2917.0,1454.0
2006-06-20,2861.0,1476.0
2006-06-21,2923.0,1525.0
2006-06-22,2995.0,1569.0
2006-06-23,3043.0,1582.0
2006-06-25,3050.0,1604.0
2006-06-26,2943.0,1549.0
2006-06-27,2982.0,1526.0
2006-06-28,2981.0,1513.0
2006-06-29,2998.0,1518.0
2006-06-30,3128.0,1565.0
2006-07-03,3151.0,1570.0
2006-07-04,3139.0,1563.0
2006-07-05,3197.0,1573.0
2006-07-06,3156.0,1565.0
2006-07-07,3076.0,1542.0
2006-07-10,3142.0,1543.0
2006-07-11,3116.0,1548.0
2006-07-12,3196.0,1559.0
2006-07-13,3169.0,1561.0
2006-07-14,3123.0,1555.0
2006-07-17,3008.0,1522.0
2006-07-18,2994.0,1495.0
2006-07-19,2933.0,1444.0
2006-07-20,3023.0,1465.0
2006-07-21,2945.0,1429.0
2006-07-24,2986.0,1416.0
2006-07-25,3041.0,1445.0
2006-07-26,3110.0,1475.0
2006-07-27,3156.0,1518.0
2006-07-28,3131.0,1532.0
2006-07-31,3143.0,1546.0
2006-08-01,3148.0,1537.0
2006-08-02,3182.0,1554.0
2006-08-03,3190.0,1570.0
2006-08-04,3177.0,1563.0
2006-08-07,3151.0,1564.0
2006-08-08,3212.0,1581.0
2006-08-09,3255.0,1605.0
2006-08-10,3260.0,1629.0
2006-08-11,3274.0,1666.0
2006-08-14,3313.0,1703.0
2006-08-16,3356.0,1731.0
2006-08-17,3354.0,1710.0
2006-08-18,3357.0,1724.0
2006-08-21,3366.0,1737.0
2006-08-22,3365.0,1739.0
2006-08-23,3336.0,1721.0
2006-08-24,3370.0,1722.0
2006-08-25,3386.0,1738.0
2006-08-28,3401.0,1743.0
2006-08-29,3426.0,1746.0
2006-08-30,3430.0,1736.0
2006-08-31,3414.0,1715.0
2006-09-01,3435.0,1725.0
2006-09-04,3477.0,1745.0
2006-09-05,3474.0,1753.0
2006-09-06,3477.0,1774.0
2006-09-07,3455.0,1771.0
2006-09-08,3471.0,1784.0
2006-09-11,3366.0,1735.0
2006-09-12,3390.0,1743.0
2006-09-13,3455.0,1775.0
2006-09-14,3472.0,1781.0
2006-09-15,3479.0,1785.0
2006-09-18,3493.0,1796.0
2006-09-19,3457.0,1780.0
2006-09-20,3503.0,1779.0
2006-09-21,3553.0,1794.0
2006-09-22,3544.0,1785.0
2006-09-25,3523.0,1785.0
2006-09-26,3572.0,1790.0
2006-09-27,3579.0,1796.0
2006-09-28,3572.0,1804.0
2006-09-29,3588.0,1820.0
2006-10-03,3570.0,1831.0
2006-10-04,3515.0,1819.0
2006-10-05,3565.0,1849.0
2006-10-06,3570.0,1862.0
2006-10-09,3567.0,1882.0
2006-10-10,3571.0,1887.0
2006-10-11,3559.0,1867.0
2006-10-12,3621.0,1879.0
2006-10-13,3676.0,1890.0
2006-10-16,3724.0,1887.0
2006-10-17,3715.0,1877.0
2006-10-18,3711.0,1887.0
2006-10-19,3678.0,1886.0
2006-10-20,3677.0,1895.0
2006-10-21,3684.0,1919.0
2006-10-23,3657.0,1907.0
2006-10-26,3678.0,1915.0
2006-10-27,3739.0,1920.0
2006-10-30,3769.0,1916.0
2006-10-31,3744.0,1900.0
2006-11-01,3767.0,1916.0
2006-11-02,3791.0,1920.0
2006-11-03,3805.0,1925.0
2006-11-06,3809.0,1941.0
2006-11-07,3799.0,1942.0
2006-11-08,3777.0,1917.0
2006-11-09,3796.0,1935.0
2006-11-10,3835.0,1949.0
2006-11-13,3859.0,1961.0
2006-11-14,3866.0,1943.0
2006-11-15,3876.0,1942.0
2006-11-16,3877.0,1936.0
2006-11-17,3853.0,1904.0
2006-11-20,3856.0,1886.0
2006-11-21,3918.0,1915.0
2006-11-22,3955.0,1925.0
2006-11-23,3945.0,1926.0
2006-11-24,3951.0,1936.0
2006-11-27,3969.0,1943.0
2006-11-28,3922.0,1927.0
2006-11-29,3928.0,1951.0
2006-11-30,3955.0,1954.0
2006-12-01,3998.0,1974.0
2006-12-04,4001.0,1986.0
2006-12-05,4016.0,1990.0
2006-12-06,4016.0,1968.0
2006-12-07,4015.0,1969.0
2006-12-08,3962.0,1957.0
2006-12-11,3850.0,1911.0
2006-12-12,3717.0,1842.0
2006-12-13,3765.0,1870.0
2006-12-14,3843.0,1924.0
2006-12-15,3889.0,1941.0
2006-12-18,3929.0,1941.0
2006-12-19,3832.0,1926.0
2006-12-20,3816.0,1928.0
2006-12-21,3834.0,1938.0
2006-12-22,3871.0,1961.0
2006-12-26,3941.0,1978.0
2006-12-27,3974.0,1991.0
2006-12-28,3971.0,2000.0
2006-12-29,3966.0,2015.0
2007-01-02,4007.0,2045.0
2007-01-03,4024.0,2070.0
2007-01-04,3989.0,2084.0
2007-01-05,3983.0,2096.0
2007-01-08,3933.0,2103.0
2007-01-09,3911.0,2091.0
2007-01-10,3850.0,2073.0
2007-01-11,3942.0,2105.0
2007-01-12,4052.0,2131.0
2007-01-15,4078.0,2162.0
2007-01-16,4081.0,2171.0
2007-01-17,4076.0,2190.0
2007-01-18,4109.0,2195.0
2007-01-19,4090.0,2185.0
2007-01-22,4102.0,2193.0
2007-01-23,4066.0,2168.0
2007-01-24,4090.0,2174.0
2007-01-25,4148.0,2185.0
2007-01-29,4124.0,2184.0
2007-01-31,4083.0,2162.0
2007-02-01,4137.0,2169.0
2007-02-02,4184.0,2181.0
2007-02-05,4215.0,2209.0
2007-02-06,4196.0,2214.0
2007-02-07,4224.0,2223.0
2007-02-08,4223.0,2216.0
2007-02-09,4187.0,2178.0
2007-02-12,4058.0,2086.0
2007-02-13,4045.0,2082.0
2007-02-14,4047.0,2090.0
2007-02-15,4146.0,2148.0
2007-02-19,4165.0,2154.0
2007-02-20,4107.0,2131.0
2007-02-21,4096.0,2133.0
2007-02-22,4040.0,2115.0
2007-02-23,3939.0,2053.0
2007-02-26,3942.0,2059.0
2007-02-27,3894.0,2065.0
2007-02-28,3745.0,2003.0
2007-03-01,3811.0,2007.0
2007-03-02,3727.0,1989.0
2007-03-05,3577.0,1885.0
2007-03-06,3656.0,1889.0
2007-03-07,3627.0,1847.0
2007-03-08,3762.0,1890.0
2007-03-09,3718.0,1889.0
2007-03-12,3735.0,1905.0
2007-03-13,3771.0,1937.0
2007-03-14,3641.0,1899.0
2007-03-15,3644.0,1911.0
2007-03-16,3609.0,1891.0
2007-03-19,3679.0,1906.0
2007-03-20,3698.0,1915.0
2007-03-21,3765.0,1923.0
2007-03-22,3876.0,1939.0
2007-03-23,3861.0,1939.0
2007-03-26,3820.0,1934.0
2007-03-28,3761.0,1907.0
2007-03-29,3798.0,1917.0
2007-03-30,3822.0,1938.0
2007-04-02,3634.0,1883.0
2007-04-03,3691.0,1891.0
2007-04-04,3733.0,1909.0
2007-04-05,3752.0,1928.0
2007-04-09,3844.0,1967.0
2007-04-10,3848.0,1996.0
2007-04-11,3863.0,2016.0
2007-04-12,3830.0,2014.0
2007-04-13,3917.0,2041.0
2007-04-16,4013.0,2074.0
2007-04-17,3985.0,2058.0
2007-04-18,4012.0,2071.0
2007-04-19,3998.0,2069.0
2007-04-20,4084.0,2090.0
2007-04-23,4085.0,2088.0
2007-04-24,4142.0,2093.0
2007-04-25,4167.0,2113.0
2007-04-26,4178.0,2100.0
2007-04-27,4084.0,2074.0
2007-04-30,4088.0,2094.0
2007-05-03,4151.0,2111.0
2007-05-04,4117.0,2104.0
2007-05-07,4111.0,2103.0
2007-05-08,4077.0,2086.0
2007-05-09,4079.0,2087.0
2007-05-10,4067.0,2090.0
2007-05-11,4077.0,2104.0
2007-05-14,4134.0,2137.0
2007-05-15,4120.0,2147.0
2007-05-16,4171.0,2172.0
2007-05-17,4220.0,2185.0
2007-05-18,4215.0,2187.0
2007-05-21,4261.0,2204.0
2007-05-22,4278.0,2200.0
2007-05-23,4246.0,2188.0
2007-05-24,4205.0,2184.0
2007-05-25,4248.0,2197.0
2007-05-28,4257.0,2222.0
2007-05-29,4293.0,2244.0
2007-05-30,4250.0,2224.0
2007-05-31,4296.0,2242.0
2007-06-01,4297.0,2260.0
2007-06-04,4267.0,2252.0
2007-06-05,4285.0,2258.0
2007-06-06,4198.0,2233.0
2007-06-07,4180.0,2237.0
2007-06-08,4145.0,2224.0
2007-06-11,4146.0,2216.0
2007-06-12,4155.0,2198.0
2007-06-13,4113.0,2194.0
2007-06-14,4170.0,2224.0
2007-06-15,4171.0,2237.0
2007-06-18,4147.0,2228.0
2007-06-19,4214.0,2247.0
2007-06-20,4249.0,2272.0
2007-06-21,4267.0,2286.0
2007-06-22,4252.0,2291.0
2007-06-25,4259.0,2296.0
2007-06-26,4286.0,2315.0
2007-06-27,4264.0,2320.0
2007-06-28,4282.0,2328.0
2007-06-29,4318.0,2347.0
2007-07-02,4314.0,2367.0
2007-07-03,4358.0,2388.0
2007-07-04,4359.0,2381.0
2007-07-05,4354.0,2359.0
2007-07-06,4385.0,2374.0
2007-07-09,4419.0,2397.0
2007-07-10,4406.0,2400.0
2007-07-11,4387.0,2416.0
2007-07-12,4446.0,2442.0
2007-07-13,4505.0,2441.0
2007-07-16,4512.0,2457.0
2007-07-17,4497.0,2433.0
2007-07-18,4500.0,2423.0
2007-07-19,4562.0,2445.0
2007-07-20,4566.0,2443.0
2007-07-23,4619.0,2442.0
2007-07-24,4621.0,2421.0
2007-07-25,4589.0,2406.0
2007-07-26,4620.0,2427.0
2007-07-27,4445.0,2365.0
2007-07-30,4440.0,2366.0
2007-07-31,4529.0,2405.0
2007-08-01,4346.0,2316.0
2007-08-02,4356.0,2331.0
2007-08-03,4402.0,2363.0
2007-08-06,4340.0,2342.0
2007-08-07,4356.0,2360.0
2007-08-08,4462.0,2393.0
2007-08-09,4403.0,2358.0
2007-08-10,4333.0,2345.0
2007-08-13,4374.0,2371.0
2007-08-14,4370.0,2374.0
2007-08-16,4179.0,2304.0
2007-08-17,4108.0,2275.0
2007-08-20,4209.0,2312.0
2007-08-21,4075.0,2235.0
2007-08-22,4153.0,2239.0
2007-08-23,4115.0,2213.0
2007-08-24,4190.0,2247.0
2007-08-27,4303.0,2300.0
2007-08-28,4321.0,2317.0
2007-08-29,4359.0,2334.0
2007-08-30,4412.0,2348.0
2007-08-31,4464.0,2400.0
2007-09-03,4475.0,2446.0
2007-09-04,4479.0,2467.0
2007-09-05,4476.0,2470.0
2007-09-06,4519.0,2495.0
2007-09-07,4510.0,2497.0
2007-09-10,4508.0,2515.0
2007-09-11,4497.0,2512.0
2007-09-12,4497.0,2525.0
2007-09-13,4529.0,2549.0
2007-09-14,4518.0,2543.0
2007-09-17,4495.0,2555.0
2007-09-18,4546.0,2584.0
2007-09-19,4732.0,2626.0
2007-09-20,4748.0,2628.0
2007-09-21,4838.0,2638.0
2007-09-24,4932.0,2657.0
2007-09-25,4939.0,2661.0
2007-09-26,4941.0,2692.0
2007-09-27,5001.0,2700.0
2007-09-28,5021.0,2728.0
2007-10-01,5069.0,2762.0
2007-10-03,5211.0,2763.0
2007-10-04,5209.0,2786.0
2007-10-05,5186.0,2765.0
2007-10-08,5085.0,2663.0
2007-10-09,5327.0,2733.0
2007-10-10,5441.0,2768.0
2007-10-11,5525.0,2799.0
2007-10-12,5428.0,2791.0
2007-10-15,5670.0,2872.0
2007-10-16,5668.0,2881.0
2007-10-17,5559.0,2831.0
2007-10-18,5351.0,2777.0
2007-10-19,5215.0,2718.0
2007-10-22,5184.0,2728.0
2007-10-23,5474.0,2812.0
2007-10-24,5496.0,2840.0
2007-10-25,5569.0,2886.0
2007-10-26,5702.0,2945.0
2007-10-29,5906.0,3005.0
2007-10-30,5869.0,2984.0
2007-10-31,5901.0,3027.0
2007-11-01,5866.0,2990.0
2007-11-02,5932.0,3013.0
2007-11-05,5847.0,3034.0
2007-11-06,5787.0,3026.0
2007-11-07,5782.0,3002.0
2007-11-08,5699.0,2992.0
2007-11-09,5663.0,3036.0
2007-11-12,5617.0,3026.0
2007-11-13,5695.0,3076.0
2007-11-14,5938.0,3141.0
2007-11-15,5912.0,3205.0
2007-11-16,5907.0,3246.0
2007-11-19,5908.0,3325.0
2007-11-20,5781.0,3308.0
2007-11-21,5561.0,3161.0
2007-11-22,5519.0,3111.0
2007-11-23,5609.0,3149.0
2007-11-26,5732.0,3221.0
2007-11-27,5698.0,3220.0
2007-11-28,5618.0,3253.0
2007-11-29,5635.0,3244.0
2007-11-30,5763.0,3302.0
2007-12-03,5865.0,3385.0
2007-12-04,5858.0,3433.0
2007-12-05,5940.0,3515.0
2007-12-06,5955.0,3517.0
2007-12-07,5974.0,3519.0
2007-12-10,5961.0,3547.0
2007-12-11,6097.0,3566.0
2007-12-12,6159.0,3623.0
2007-12-13,6058.0,3633.0
2007-12-14,6048.0,3677.0
2007-12-17,5777.0,3559.0
2007-12-18,5742.0,3580.0
2007-12-19,5751.0,3594.0
2007-12-20,5767.0,3578.0
2007-12-24,5985.0,3636.0
2007-12-26,6071.0,3725.0
2007-12-27,6082.0,3754.0
2007-12-28,6080.0,3821.0
2007-12-31,6139.0,3928.0
2008-01-01,6144.0,4004.0
2008-01-02,6179.0,4039.0
2008-01-03,6179.0,4030.0
2008-01-04,6274.0,4038.0
2008-01-07,6279.0,4035.0
2008-01-08,6288.0,3919.0
2008-01-09,6272.0,3893.0
2008-01-10,6157.0,3762.0
2008-01-11,6200.0,3742.0
2008-01-14,6207.0,3778.0
2008-01-15,6074.0,3742.0
2008-01-16,5936.0,3658.0
2008-01-17,5913.0,3712.0
2008-01-18,5705.0,3539.0
2008-01-21,5209.0,3124.0
2008-01-22,4899.0,2848.0
2008-01-23,5203.0,3056.0
2008-01-24,5033.0,2955.0
2008-01-25,5383.0,3125.0
2008-01-28,5274.0,3110.0
2008-01-29,5281.0,3136.0
2008-01-30,5168.0,3062.0
2008-01-31,5137.0,3030.0
2008-02-01,5317.0,3033.0
2008-02-04,5464.0,3110.0
2008-02-05,5484.0,3144.0
2008-02-06,5323.0,3116.0
2008-02-07,5133.0,3050.0
2008-02-08,5120.0,2987.0
2008-02-11,4857.0,2821.0
2008-02-12,4838.0,2755.0
2008-02-13,4929.0,2747.0
2008-02-14,5202.0,2884.0
2008-02-15,5303.0,2940.0
2008-02-18,5277.0,2978.0
2008-02-19,5281.0,2995.0
2008-02-20,5154.0,2956.0
2008-02-21,5192.0,2985.0
2008-02-22,5111.0,2960.0
2008-02-25,5201.0,2945.0
2008-02-26,5270.0,2994.0
2008-02-27,5268.0,3003.0
2008-02-28,5285.0,2997.0
2008-02-29,5224.0,2988.0
2008-03-03,4953.0,2854.0
2008-03-04,4864.0,2779.0
2008-03-05,4921.0,2752.0
2008-03-07,4772.0,2631.0
2008-03-10,4800.0,2603.0
2008-03-11,4866.0,2688.0
2008-03-12,4872.0,2670.0
2008-03-13,4624.0,2522.0
2008-03-14,4746.0,2545.0
2008-03-17,4503.0,2388.0
2008-03-18,4533.0,2361.0
2008-03-19,4574.0,2326.0
2008-03-24,4610.0,2240.0
2008-03-25,4878.0,2369.0
2008-03-26,4829.0,2420.0
2008-03-27,4830.0,2436.0
2008-03-28,4942.0,2546.0
2008-03-31,4735.0,2521.0
2008-04-01,4740.0,2505.0
2008-04-02,4754.0,2502.0
2008-04-03,4772.0,2486.0
2008-04-04,4647.0,2445.0
2008-04-07,4761.0,2469.0
2008-04-08,4710.0,2479.0
2008-04-09,4747.0,2520.0
2008-04-10,4733.0,2531.0
2008-04-11,4778.0,2545.0
2008-04-15,4880.0,2572.0
2008-04-16,4887.0,2614.0
2008-04-17,4958.0,2665.0
2008-04-21,5037.0,2730.0
2008-04-22,5049.0,2742.0
2008-04-23,5023.0,2752.0
2008-04-24,5000.0,2728.0
2008-04-25,5112.0,2735.0
2008-04-28,5090.0,2741.0
2008-04-29,5196.0,2772.0
2008-04-30,5166.0,2780.0
2008-05-02,5228.0,2803.0
2008-05-05,5192.0,2814.0
2008-05-06,5145.0,2779.0
2008-05-07,5136.0,2775.0
2008-05-08,5082.0,2755.0
2008-05-09,4983.0,2696.0
2008-05-12,5013.0,2672.0
2008-05-13,4958.0,2676.0
2008-05-14,5012.0,2691.0
2008-05-15,5115.0,2735.0
2008-05-16,5158.0,2759.0
2008-05-20,5105.0,2759.0
2008-05-21,5118.0,2782.0
2008-05-22,5025.0,2744.0
2008-05-23,4947.0,2702.0
2008-05-26,4875.0,2646.0
2008-05-27,4860.0,2618.0
2008-05-28,4918.0,2639.0
2008-05-29,4835.0,2627.0
2008-05-30,4870.0,2629.0
2008-06-02,4740.0,2561.0
2008-06-03,4716.0,2533.0
2008-06-04,4586.0,2475.0
2008-06-05,4677.0,2479.0
2008-06-06,4628.0,2466.0
2008-06-09,4501.0,2391.0
2008-06-10,4450.0,2375.0
2008-06-11,4524.0,2415.0
2008-06-12,4539.0,2433.0
2008-06-13,4517.0,2444.0
2008-06-16,4573.0,2474.0
2008-06-17,4653.0,2515.0
2008-06-18,4582.0,2506.0
2008-06-19,4504.0,2468.0
2008-06-20,4348.0,2398.0
2008-06-23,4266.0,2319.0
2008-06-24,4191.0,2290.0
2008-06-25,4253.0,2309.0
2008-06-26,4316.0,2318.0
2008-06-27,4137.0,2259.0
2008-06-30,4041.0,2193.0
2008-07-01,3897.0,2095.0
2008-07-02,4093.0,2141.0
2008-07-03,3926.0,2090.0
2008-07-04,4016.0,2130.0
2008-07-07,4030.0,2163.0
2008-07-08,3989.0,2148.0
2008-07-09,4157.0,2204.0
2008-07-10,4162.0,2210.0
2008-07-11,4049.0,2177.0
2008-07-14,4040.0,2159.0
2008-07-15,3861.0,2101.0
2008-07-16,3817.0,2080.0
2008-07-17,3947.0,2101.0
2008-07-18,4092.0,2120.0
2008-07-21,4160.0,2116.0
2008-07-22,4240.0,2150.0
2008-07-23,4477.0,2238.0
2008-07-24,4434.0,2231.0
2008-07-25,4312.0,2223.0
2008-07-28,4332.0,2253.0
2008-07-29,4190.0,2217.0
2008-07-30,4314.0,2243.0
2008-07-31,4333.0,2245.0
2008-08-01,4414.0,2263.0
2008-08-04,4395.0,2295.0
2008-08-05,4503.0,2318.0
2008-08-06,4518.0,2319.0
2008-08-07,4524.0,2333.0
2008-08-08,4530.0,2344.0
2008-08-11,4620.0,2373.0
2008-08-12,4552.0,2362.0
2008-08-13,4529.0,2367.0
2008-08-14,4431.0,2333.0
2008-08-18,4393.0,2313.0
2008-08-19,4368.0,2314.0
2008-08-20,4416.0,2343.0
2008-08-21,4284.0,2296.0
2008-08-22,4327.0,2298.0
2008-08-25,4335.0,2299.0
2008-08-26,4338.0,2298.0
2008-08-27,4292.0,2288.0
2008-08-28,4214.0,2258.0
2008-08-29,4360.0,2302.0
2008-09-01,4349.0,2294.0
2008-09-02,4504.0,2317.0
2008-09-04,4448.0,2313.0
2008-09-05,4352.0,2286.0
2008-09-08,4482.0,2303.0
2008-09-09,4469.0,2294.0
2008-09-10,4400.0,2271.0
2008-09-11,4290.0,2243.0
2008-09-12,4228.0,2204.0
2008-09-15,4073.0,2100.0
2008-09-16,4075.0,2070.0
2008-09-17,4008.0,2042.0
2008-09-18,4038.0,2003.0
2008-09-19,4245.0,2055.0
2008-09-22,4223.0,2051.0
2008-09-23,4127.0,2012.0
2008-09-24,4161.0,2019.0
2008-09-25,4111.0,1998.0
2008-09-26,3985.0,1938.0
2008-09-29,3850.0,1842.0
2008-09-30,3921.0,1865.0
2008-10-01,3951.0,1875.0
2008-10-03,3818.0,1819.0
2008-10-06,3602.0,1690.0
2008-10-07,3607.0,1652.0
2008-10-08,3514.0,1570.0
2008-10-10,3280.0,1440.0
2008-10-13,3491.0,1489.0
2008-10-14,3519.0,1525.0
2008-10-15,3338.0,1453.0
2008-10-16,3269.0,1436.0
2008-10-17,3074.0,1398.0
2008-10-20,3123.0,1376.0
2008-10-21,3235.0,1405.0
2008-10-22,3065.0,1376.0
2008-10-23,2943.0,1328.0
2008-10-24,2584.0,1217.0
2008-10-27,2524.0,1156.0
2008-10-28,2685.0,1240.0
2008-10-29,2697.0,1227.0
2008-10-31,2886.0,1264.0
2008-11-03,3044.0,1321.0
2008-11-04,3142.0,1351.0
2008-11-05,2995.0,1324.0
2008-11-06,2893.0,1292.0
2008-11-07,2973.0,1302.0
2008-11-10,3148.0,1336.0
2008-11-11,2939.0,1295.0
2008-11-12,2848.0,1274.0
2008-11-14,2810.0,1255.0
2008-11-17,2800.0,1223.0
2008-11-18,2683.0,1191.0
2008-11-19,2635.0,1169.0
2008-11-20,2553.0,1133.0
2008-11-21,2693.0,1133.0
2008-11-24,2708.0,1127.0
2008-11-25,2654.0,1117.0
2008-11-26,2752.0,1112.0
2008-11-28,2755.0,1111.0
2008-12-01,2683.0,1099.0
2008-12-02,2658.0,1082.0
2008-12-03,2656.0,1088.0
2008-12-04,2788.0,1112.0
2008-12-05,2714.0,1109.0
2008-12-08,2784.0,1112.0
2008-12-10,2928.0,1126.0
2008-12-11,2920.0,1145.0
2008-12-12,2921.0,1170.0
2008-12-15,2981.0,1209.0
2008-12-16,3042.0,1250.0
2008-12-17,2954.0,1208.0
2008-12-18,3061.0,1224.0
2008-12-19,3078.0,1231.0
2008-12-22,3039.0,1222.0
2008-12-23,2969.0,1188.0
2008-12-24,2917.0,1175.0
2008-12-26,2857.0,1165.0
2008-12-29,2922.0,1177.0
2008-12-30,2980.0,1202.0
2008-12-31,2959.0,1215.0
2009-01-01,3033.0,1249.0
2009-01-02,3047.0,1271.0
2009-01-05,3121.0,1291.0
2009-01-06,3113.0,1293.0
2009-01-07,2920.0,1204.0
2009-01-09,2873.0,1170.0
2009-01-12,2773.0,1152.0
2009-01-13,2745.0,1136.0
2009-01-14,2835.0,1153.0
2009-01-15,2737.0,1131.0
2009-01-16,2828.0,1136.0
2009-01-19,2846.0,1147.0
2009-01-20,2797.0,1139.0
2009-01-21,2706.0,1114.0
2009-01-22,2714.0,1095.0
2009-01-23,2679.0,1082.0
2009-01-27,2771.0,1088.0
2009-01-28,2850.0,1096.0
2009-01-29,2824.0,1096.0
2009-01-30,2875.0,1108.0
2009-02-02,2767.0,1091.0
2009-02-03,2784.0,1087.0
2009-02-04,2803.0,1085.0
2009-02-05,2780.0,1075.0
2009-02-06,2843.0,1091.0
2009-02-09,2920.0,1106.0
2009-02-10,2935.0,1110.0
2009-02-11,2926.0,1117.0
2009-02-12,2893.0,1120.0
2009-02-13,2948.0,1131.0
2009-02-16,2849.0,1102.0
2009-02-17,2771.0,1079.0
2009-02-18,2776.0,1075.0
2009-02-19,2789.0,1072.0
2009-02-20,2736.0,1054.0
2009-02-24,2734.0,1038.0
2009-02-25,2763.0,1041.0
2009-02-26,2786.0,1041.0
2009-02-27,2764.0,1036.0
2009-03-02,2675.0,1019.0
2009-03-03,2622.0,1009.0
2009-03-04,2645.0,1004.0
2009-03-05,2577.0,988.0
2009-03-06,2620.0,986.0
2009-03-09,2573.0,970.0
2009-03-12,2617.0,974.0
2009-03-13,2719.0,993.0
2009-03-16,2777.0,1016.0
2009-03-17,2757.0,1019.0
2009-03-18,2795.0,1039.0
2009-03-19,2807.0,1051.0
2009-03-20,2807.0,1049.0
2009-03-23,2940.0,1075.0
2009-03-24,2939.0,1068.0
2009-03-25,2984.0,1074.0
2009-03-26,3082.0,1084.0
2009-03-27,3109.0,1106.0
2009-03-30,2978.0,1098.0
2009-03-31,3021.0,1117.0
2009-04-01,3060.0,1146.0
2009-04-02,3211.0,1177.0
2009-04-06,3257.0,1212.0
2009-04-08,3343.0,1258.0
2009-04-09,3342.0,1278.0
2009-04-13,3383.0,1319.0
2009-04-15,3484.0,1384.0
2009-04-16,3370.0,1319.0
2009-04-17,3384.0,1328.0
2009-04-20,3377.0,1351.0
2009-04-21,3365.0,1359.0
2009-04-22,3330.0,1334.0
2009-04-23,3424.0,1343.0
2009-04-24,3481.0,1365.0
2009-04-27,3470.0,1354.0
2009-04-28,3362.0,1309.0
2009-04-29,3474.0,1326.0
2009-05-04,3654.0,1368.0
2009-05-05,3662.0,1396.0
2009-05-06,3625.0,1394.0
2009-05-07,3684.0,1431.0
2009-05-08,3621.0,1428.0
2009-05-11,3555.0,1404.0
2009-05-12,3681.0,1420.0
2009-05-13,3635.0,1415.0
2009-05-14,3593.0,1419.0
2009-05-15,3672.0,1428.0
2009-05-18,4323.0,1550.0
2009-05-19,4318.0,1595.0
2009-05-20,4270.0,1738.0
2009-05-21,4211.0,1780.0
2009-05-22,4239.0,1837.0
2009-05-25,4238.0,1917.0
2009-05-26,4117.0,1851.0
2009-05-27,4276.0,1919.0
2009-05-28,4337.0,1914.0
2009-05-29,4449.0,1969.0
2009-06-01,4530.0,2032.0
2009-06-02,4525.0,2061.0
2009-06-03,4531.0,2100.0
2009-06-04,4573.0,2138.0
2009-06-05,4587.0,2119.0
2009-06-08,4430.0,2003.0
2009-06-09,4551.0,2040.0
2009-06-10,4655.0,2049.0
2009-06-11,4638.0,2038.0
2009-06-12,4583.0,1991.0
2009-06-15,4484.0,1949.0
2009-06-16,4518.0,1984.0
2009-06-17,4356.0,1906.0
2009-06-18,4251.0,1836.0
2009-06-19,4314.0,1857.0
2009-06-22,4235.0,1848.0
2009-06-23,4247.0,1848.0
2009-06-24,4293.0,1889.0
2009-06-25,4242.0,1888.0
2009-06-26,4376.0,1923.0
2009-06-29,4391.0,1952.0
2009-06-30,4291.0,1902.0
2009-07-01,4341.0,1907.0
2009-07-02,4349.0,1919.0
2009-07-03,4424.0,1928.0
2009-07-06,4166.0,1848.0
2009-07-07,4202.0,1839.0
2009-07-08,4079.0,1775.0
2009-07-09,4081.0,1774.0
2009-07-10,4004.0,1744.0
2009-07-13,3974.0,1693.0
2009-07-14,4111.0,1761.0
2009-07-15,4234.0,1839.0
2009-07-16,4231.0,1851.0
2009-07-17,4375.0,1893.0
2009-07-20,4502.0,1942.0
2009-07-21,4469.0,1940.0
2009-07-22,4399.0,1924.0
2009-07-23,4524.0,1974.0
2009-07-24,4569.0,2008.0
2009-07-27,4572.0,2033.0
2009-07-28,4564.0,2063.0
2009-07-29,4514.0,2036.0
2009-07-30,4571.0,2053.0
2009-07-31,4636.0,2061.0
2009-08-03,4711.0,2085.0
2009-08-04,4681.0,2088.0
2009-08-05,4694.0,2104.0
2009-08-06,4586.0,2072.0
2009-08-07,4481.0,2029.0
2009-08-10,4438.0,1998.0
2009-08-11,4471.0,2012.0
2009-08-12,4458.0,2020.0
2009-08-13,4605.0,2098.0
2009-08-14,4580.0,2099.0
2009-08-17,4388.0,2035.0
2009-08-18,4459.0,2071.0
2009-08-19,4394.0,2063.0
2009-08-20,4453.0,2080.0
2009-08-21,4529.0,2110.0
2009-08-24,4643.0,2167.0
2009-08-25,4659.0,2188.0
2009-08-26,4681.0,2231.0
2009-08-27,4688.0,2241.0
2009-08-28,4732.0,2263.0
2009-08-31,4662.0,2276.0
2009-09-01,4625.0,2243.0
2009-09-02,4608.0,2236.0
2009-09-03,4594.0,2241.0
2009-09-04,4680.0,2264.0
2009-09-07,4783.0,2322.0
2009-09-08,4805.0,2320.0
2009-09-09,4814.0,2322.0
2009-09-10,4819.0,2309.0
2009-09-11,4830.0,2298.0
2009-09-14,4809.0,2298.0
2009-09-15,4892.0,2332.0
2009-09-16,4958.0,2351.0
2009-09-17,4966.0,2348.0
2009-09-18,4976.0,2361.0
2009-09-22,5020.0,2379.0
2009-09-23,4970.0,2343.0
2009-09-24,4987.0,2351.0
2009-09-25,4959.0,2376.0
2009-09-29,5007.0,2386.0
2009-09-30,5084.0,2411.0
2009-10-01,5083.0,2401.0
2009-10-05,5003.0,2354.0
2009-10-06,5027.0,2341.0
2009-10-07,4986.0,2354.0
2009-10-08,5002.0,2362.0
2009-10-09,4945.0,2345.0
2009-10-12,5054.0,2370.0
2009-10-14,5118.0,2414.0
2009-10-15,5109.0,2431.0
2009-10-16,5142.0,2446.0
2009-10-17,5142.0,2468.0
2009-10-20,5114.0,2468.0
2009-10-21,5064.0,2463.0
2009-10-22,4989.0,2414.0
2009-10-23,4997.0,2425.0
2009-10-26,4971.0,2388.0
2009-10-27,4847.0,2293.0
2009-10-28,4826.0,2283.0
2009-10-29,4751.0,2255.0
2009-10-30,4712.0,2245.0
2009-11-03,4564.0,2147.0
2009-11-04,4711.0,2194.0
2009-11-05,4766.0,2231.0
2009-11-06,4796.0,2283.0
2009-11-09,4898.0,2323.0
2009-11-10,4882.0,2318.0
2009-11-11,5004.0,2362.0
2009-11-12,4953.0,2351.0
2009-11-13,4999.0,2361.0
2009-11-16,5058.0,2386.0
2009-11-17,5062.0,2387.0
2009-11-18,5055.0,2400.0
2009-11-19,4989.0,2365.0
2009-11-20,5052.0,2385.0
2009-11-23,5104.0,2399.0
2009-11-24,5091.0,2406.0
2009-11-25,5108.0,2407.0
2009-11-26,5006.0,2384.0
2009-11-27,4942.0,2331.0
2009-11-30,5033.0,2379.0
2009-12-01,5122.0,2428.0
2009-12-02,5123.0,2449.0
2009-12-03,5132.0,2467.0
2009-12-04,5109.0,2476.0
2009-12-07,5067.0,2462.0
2009-12-08,5148.0,2490.0
2009-12-09,5112.0,2492.0
2009-12-10,5135.0,2511.0
2009-12-11,5117.0,2493.0
2009-12-14,5106.0,2486.0
2009-12-15,5033.0,2450.0
2009-12-16,5042.0,2459.0
2009-12-17,5042.0,2482.0
2009-12-18,4988.0,2478.0
2009-12-21,4953.0,2473.0
2009-12-22,4986.0,2490.0
2009-12-23,5145.0,2524.0
2009-12-24,5178.0,2535.0
2009-12-29,5188.0,2559.0
2009-12-30,5169.0,2588.0
2009-12-31,5201.0,2598.0
2010-01-04,5232.0,2637.0
2010-01-05,5278.0,2660.0
2010-01-06,5282.0,2677.0
2010-01-07,5263.0,2692.0
2010-01-08,5245.0,2700.0
2010-01-11,5249.0,2741.0
2010-01-12,5210.0,2714.0
2010-01-13,5234.0,2732.0
2010-01-14,5260.0,2765.0
2010-01-15,5252.0,2781.0
2010-01-18,5275.0,2799.0
2010-01-19,5226.0,2788.0
2010-01-20,5222.0,2793.0
2010-01-21,5094.0,2725.0
2010-01-22,5036.0,2697.0
2010-01-25,5008.0,2670.0
2010-01-27,4853.0,2553.0
2010-01-28,4867.0,2554.0
2010-01-29,4882.0,2581.0
2010-02-01,4900.0,2621.0
2010-02-02,4830.0,2596.0
2010-02-03,4932.0,2631.0
2010-02-04,4845.0,2590.0
2010-02-05,4719.0,2514.0
2010-02-06,4757.0,2554.0
2010-02-08,4760.0,2545.0
2010-02-09,4793.0,2561.0
2010-02-10,4757.0,2557.0
2010-02-11,4827.0,2580.0
2010-02-15,4802.0,2566.0
2010-02-16,4856.0,2576.0
2010-02-17,4914.0,2595.0
2010-02-18,4888.0,2585.0
2010-02-19,4845.0,2548.0
2010-02-22,4856.0,2528.0
2010-02-23,4870.0,2506.0
2010-02-24,4859.0,2495.0
2010-02-25,4860.0,2487.0
2010-02-26,4922.0,2514.0
2010-03-02,5017.0,2567.0
2010-03-03,5088.0,2597.0
2010-03-04,5080.0,2615.0
2010-03-05,5089.0,2631.0
2010-03-08,5124.0,2654.0
2010-03-09,5102.0,2631.0
2010-03-10,5116.0,2627.0
2010-03-11,5133.0,2616.0
2010-03-12,5137.0,2613.0
2010-03-15,5129.0,2587.0
2010-03-16,5198.0,2616.0
2010-03-17,5232.0,2620.0
2010-03-18,5246.0,2623.0
2010-03-19,5263.0,2632.0
2010-03-22,5205.0,2611.0
2010-03-23,5225.0,2618.0
2010-03-25,5260.0,2620.0
2010-03-26,5282.0,2627.0
2010-03-29,5303.0,2620.0
2010-03-30,5262.0,2641.0
2010-03-31,5249.0,2657.0
2010-04-01,5291.0,2702.0
2010-04-05,5368.0,2737.0
2010-04-06,5366.0,2744.0
2010-04-07,5375.0,2760.0
2010-04-08,5304.0,2751.0
2010-04-09,5362.0,2780.0
2010-04-12,5340.0,2787.0
2010-04-13,5323.0,2780.0
2010-04-15,5274.0,2779.0
2010-04-16,5263.0,2770.0
2010-04-19,5204.0,2724.0
2010-04-20,5230.0,2763.0
2010-04-21,5245.0,2794.0
2010-04-22,5269.0,2793.0
2010-04-23,5304.0,2806.0
2010-04-26,5322.0,2815.0
2010-04-27,5308.0,2815.0
2010-04-28,5215.0,2763.0
2010-04-29,5254.0,2792.0
2010-04-30,5278.0,2808.0
2010-05-03,5223.0,2794.0
2010-05-04,5149.0,2753.0
2010-05-05,5125.0,2746.0
2010-05-06,5091.0,2745.0
2010-05-07,5018.0,2668.0
2010-05-10,5194.0,2730.0
2010-05-11,5136.0,2708.0
2010-05-12,5157.0,2708.0
2010-05-13,5179.0,2729.0
2010-05-14,5094.0,2695.0
2010-05-17,5060.0,2679.0
2010-05-18,5066.0,2690.0
2010-05-19,4920.0,2628.0
2010-05-20,4948.0,2623.0
2010-05-21,4931.0,2587.0
2010-05-24,4944.0,2592.0
2010-05-25,4807.0,2512.0
2010-05-26,4917.0,2550.0
2010-05-27,5003.0,2573.0
2010-05-28,5067.0,2608.0
2010-05-31,5086.0,2634.0
2010-06-01,4970.0,2609.0
2010-06-02,5020.0,2625.0
2010-06-03,5111.0,2651.0
2010-06-04,5136.0,2651.0
2010-06-07,5034.0,2617.0
2010-06-08,4987.0,2596.0
2010-06-09,5000.0,2600.0
2010-06-10,5079.0,2633.0
2010-06-11,5119.0,2648.0
2010-06-14,5198.0,2677.0
2010-06-15,5222.0,2704.0
2010-06-16,5233.0,2712.0
2010-06-17,5275.0,2722.0
2010-06-18,5263.0,2707.0
2010-06-21,5353.0,2739.0
2010-06-22,5317.0,2741.0
2010-06-23,5323.0,2770.0
2010-06-24,5321.0,2776.0
2010-06-25,5269.0,2763.0
2010-06-28,5334.0,2790.0
2010-06-29,5256.0,2773.0
2010-06-30,5313.0,2787.0
2010-07-01,5251.0,2783.0
2010-07-02,5237.0,2790.0
2010-07-05,5236.0,2798.0
2010-07-06,5289.0,2816.0
2010-07-07,5241.0,2811.0
2010-07-08,5297.0,2823.0
2010-07-09,5352.0,2839.0
2010-07-12,5383.0,2858.0
2010-07-13,5401.0,2875.0
2010-07-14,5386.0,2865.0
2010-07-15,5379.0,2869.0
2010-07-16,5394.0,2883.0
2010-07-19,5386.0,2883.0
2010-07-20,5368.0,2871.0
2010-07-21,5399.0,2882.0
2010-07-22,5442.0,2892.0
2010-07-23,5449.0,2880.0
2010-07-26,5419.0,2855.0
2010-07-27,5431.0,2854.0
2010-07-28,5398.0,2847.0
2010-07-29,5409.0,2851.0
2010-07-30,5368.0,2855.0
2010-08-02,5432.0,2879.0
2010-08-03,5440.0,2892.0
2010-08-04,5468.0,2901.0
2010-08-05,5447.0,2906.0
2010-08-06,5439.0,2914.0
2010-08-09,5486.0,2953.0
2010-08-10,5461.0,2945.0
2010-08-11,5421.0,2935.0
2010-08-12,5416.0,2934.0
2010-08-13,5452.0,2957.0
2010-08-16,5418.0,2957.0
2010-08-17,5414.0,2976.0
2010-08-18,5479.0,2999.0
2010-08-19,5540.0,3032.0
2010-08-20,5531.0,3035.0
2010-08-23,5544.0,3055.0
2010-08-24,5505.0,3040.0
2010-08-25,5462.0,2993.0
2010-08-26,5478.0,2997.0
2010-08-27,5409.0,2967.0
2010-08-30,5415.0,2962.0
2010-08-31,5402.0,2937.0
2010-09-01,5472.0,2993.0
2010-09-02,5486.0,3012.0
2010-09-03,5479.0,3045.0
2010-09-06,5577.0,3093.0
2010-09-07,5604.0,3109.0
2010-09-08,5608.0,3122.0
2010-09-09,5640.0,3136.0
2010-09-13,5760.0,3151.0
2010-09-14,5796.0,3132.0
2010-09-15,5861.0,3133.0
2010-09-16,5829.0,3111.0
2010-09-17,5885.0,3147.0
2010-09-20,5980.0,3160.0
2010-09-21,6009.0,3121.0
2010-09-22,5991.0,3113.0
2010-09-23,5960.0,3108.0
2010-09-24,6018.0,3146.0
2010-09-27,6036.0,3149.0
2010-09-28,6030.0,3147.0
2010-09-29,5991.0,3136.0
2010-09-30,6030.0,3137.0
2010-10-01,6143.0,3187.0
2010-10-04,6159.0,3201.0
2010-10-05,6146.0,3231.0
2010-10-06,6186.0,3271.0
2010-10-07,6120.0,3240.0
2010-10-08,6103.0,3230.0
2010-10-11,6136.0,3272.0
2010-10-12,6091.0,3261.0
2010-10-13,6234.0,3295.0
2010-10-14,6177.0,3280.0
2010-10-15,6063.0,3247.0
2010-10-18,6076.0,3230.0
2010-10-19,6027.0,3236.0
2010-10-20,5982.0,3224.0
2010-10-21,6102.0,3262.0
2010-10-22,6066.0,3274.0
2010-10-25,6106.0,3314.0
2010-10-26,6082.0,3312.0
2010-10-27,6013.0,3296.0
2010-10-28,5988.0,3278.0
2010-10-29,6018.0,3249.0
2010-11-01,6118.0,3291.0
2010-11-02,6119.0,3301.0
2010-11-03,6161.0,3323.0
2010-11-04,6282.0,3338.0
2010-11-05,6312.0,3373.0
2010-11-08,6273.0,3375.0
2010-11-09,6302.0,3389.0
2010-11-10,6276.0,3405.0
2010-11-11,6194.0,3381.0
2010-11-12,6072.0,3302.0
2010-11-15,6122.0,3292.0
2010-11-16,5989.0,3205.0
2010-11-18,5999.0,3188.0
2010-11-19,5890.0,3125.0
2010-11-22,6010.0,3168.0
2010-11-23,5935.0,3117.0
2010-11-24,5866.0,3086.0
2010-11-25,5800.0,3035.0
2010-11-26,5752.0,2911.0
2010-11-29,5830.0,2912.0
2010-11-30,5863.0,2958.0
2010-12-01,5961.0,3041.0
2010-12-02,6012.0,3085.0
2010-12-03,5993.0,3005.0
2010-12-06,5992.0,2989.0
2010-12-07,5977.0,2948.0
2010-12-08,5904.0,2865.0
2010-12-09,5767.0,2719.0
2010-12-10,5857.0,2787.0
2010-12-13,5908.0,2847.0
2010-12-14,5944.0,2897.0
2010-12-15,5892.0,2862.0
2010-12-16,5949.0,2881.0
2010-12-20,5947.0,2894.0
2010-12-21,6001.0,2914.0
2010-12-22,5984.0,2924.0
2010-12-23,5980.0,2926.0
2010-12-24,6012.0,2935.0
2010-12-27,5998.0,2942.0
2010-12-28,5996.0,2951.0
2010-12-29,6060.0,2970.0
2010-12-30,6102.0,2985.0
2010-12-31,6135.0,3020.0
2011-01-03,6158.0,3054.0
2011-01-04,6146.0,3053.0
2011-01-05,6080.0,3015.0
2011-01-06,6048.0,2977.0
2011-01-07,5905.0,2895.0
2011-01-10,5763.0,2821.0
2011-01-11,5754.0,2797.0
2011-01-12,5863.0,2850.0
2011-01-13,5752.0,2835.0
2011-01-14,5655.0,2798.0
2011-01-17,5655.0,2764.0
2011-01-18,5724.0,2774.0
2011-01-19,5691.0,2783.0
2011-01-20,5712.0,2783.0
2011-01-21,5697.0,2795.0
2011-01-24,5743.0,2818.0
2011-01-25,5687.0,2797.0
2011-01-27,5604.0,2748.0
2011-01-28,5512.0,2667.0
2011-01-31,5506.0,2651.0
2011-02-01,5417.0,2614.0
2011-02-02,5432.0,2616.0
2011-02-03,5527.0,2652.0
2011-02-04,5396.0,2616.0
2011-02-07,5396.0,2597.0
2011-02-08,5313.0,2533.0
2011-02-09,5254.0,2424.0
2011-02-10,5226.0,2410.0
2011-02-11,5310.0,2480.0
2011-02-14,5456.0,2579.0
2011-02-15,5481.0,2589.0
2011-02-16,5482.0,2608.0
2011-02-17,5546.0,2636.0
2011-02-18,5459.0,2592.0
2011-02-21,5519.0,2586.0
2011-02-22,5469.0,2571.0
2011-02-23,5437.0,2565.0
2011-02-24,5263.0,2488.0
2011-02-25,5304.0,2478.0
2011-02-28,5333.0,2489.0
2011-03-01,5522.0,2558.0
2011-03-03,5536.0,2554.0
2011-03-04,5539.0,2551.0
2011-03-07,5463.0,2517.0
2011-03-08,5521.0,2541.0
2011-03-09,5531.0,2559.0
2011-03-10,5494.0,2553.0
2011-03-11,5445.0,2529.0
2011-03-14,5532.0,2538.0
2011-03-15,5450.0,2498.0
2011-03-16,5511.0,2534.0
2011-03-17,5447.0,2524.0
2011-03-18,5374.0,2507.0
2011-03-21,5365.0,2500.0
2011-03-22,5414.0,2516.0
2011-03-23,5480.0,2536.0
2011-03-24,5522.0,2557.0
2011-03-25,5654.0,2594.0
2011-03-28,5687.0,2598.0
2011-03-29,5736.0,2601.0
2011-03-30,5788.0,2644.0
2011-03-31,5834.0,2649.0
2011-04-01,5826.0,2700.0
2011-04-04,5908.0,2765.0
2011-04-05,5910.0,2797.0
2011-04-06,5892.0,2819.0
2011-04-07,5886.0,2843.0
2011-04-08,5842.0,2806.0
2011-04-11,5786.0,2786.0
2011-04-13,5912.0,2825.0
2011-04-15,5825.0,2817.0
2011-04-18,5729.0,2779.0
2011-04-19,5741.0,2785.0
2011-04-20,5852.0,2822.0
2011-04-21,5885.0,2823.0
2011-04-25,5875.0,2817.0
2011-04-26,5868.0,2824.0
2011-04-27,5834.0,2817.0
2011-04-28,5785.0,2802.0
2011-04-29,5750.0,2770.0
2011-05-02,5701.0,2732.0
2011-05-03,5565.0,2683.0
2011-05-04,5537.0,2669.0
2011-05-05,5460.0,2642.0
2011-05-06,5551.0,2664.0
2011-05-09,5551.0,2667.0
2011-05-10,5541.0,2671.0
2011-05-11,5565.0,2694.0
2011-05-12,5486.0,2667.0
2011-05-13,5545.0,2692.0
2011-05-16,5499.0,2667.0
2011-05-17,5439.0,2650.0
2011-05-18,5421.0,2632.0
2011-05-19,5428.0,2618.0
2011-05-20,5486.0,2636.0
2011-05-23,5387.0,2598.0
2011-05-24,5395.0,2598.0
2011-05-25,5349.0,2586.0
2011-05-26,5412.0,2591.0
2011-05-27,5476.0,2623.0
2011-05-30,5473.0,2642.0
2011-05-31,5560.0,2679.0
2011-06-01,5592.0,2694.0
2011-06-02,5550.0,2682.0
2011-06-03,5517.0,2675.0
2011-06-06,5532.0,2678.0
2011-06-07,5556.0,2695.0
2011-06-08,5527.0,2698.0
2011-06-09,5521.0,2695.0
2011-06-10,5486.0,2686.0
2011-06-13,5483.0,2690.0
2011-06-14,5501.0,2703.0
2011-06-15,5448.0,2688.0
2011-06-16,5397.0,2666.0
2011-06-17,5366.0,2642.0
2011-06-20,5258.0,2559.0
2011-06-21,5276.0,2550.0
2011-06-22,5278.0,2528.0
2011-06-23,5320.0,2528.0
2011-06-24,5471.0,2577.0
2011-06-27,5527.0,2598.0
2011-06-28,5545.0,2613.0
2011-06-29,5600.0,2641.0
2011-06-30,5647.0,2654.0
2011-07-01,5627.0,2665.0
2011-07-04,5651.0,2694.0
2011-07-05,5632.0,2701.0
2011-07-06,5625.0,2708.0
2011-07-07,5729.0,2734.0
2011-07-08,5661.0,2711.0
2011-07-11,5616.0,2702.0
2011-07-12,5526.0,2672.0
2011-07-13,5585.0,2705.0
2011-07-14,5600.0,2710.0
2011-07-15,5581.0,2714.0
2011-07-18,5567.0,2714.0
2011-07-19,5614.0,2731.0
2011-07-20,5567.0,2717.0
2011-07-21,5542.0,2706.0
2011-07-22,5634.0,2734.0
2011-07-25,5680.0,2744.0
2011-07-26,5575.0,2722.0
2011-07-27,5547.0,2728.0
2011-07-28,5488.0,2706.0
2011-07-29,5482.0,2692.0
2011-08-01,5517.0,2686.0
2011-08-02,5457.0,2646.0
2011-08-03,5405.0,2638.0
2011-08-04,5332.0,2620.0
2011-08-05,5211.0,2549.0
2011-08-08,5119.0,2492.0
2011-08-09,5073.0,2449.0
2011-08-10,5161.0,2509.0
2011-08-11,5138.0,2502.0
2011-08-12,5073.0,2494.0
2011-08-16,5036.0,2458.0
2011-08-17,5057.0,2432.0
2011-08-18,4944.0,2376.0
2011-08-19,4846.0,2339.0
2011-08-22,4899.0,2374.0
2011-08-23,4949.0,2402.0
2011-08-24,4889.0,2392.0
2011-08-25,4840.0,2375.0
2011-08-26,4748.0,2321.0
2011-08-29,4920.0,2376.0
2011-08-30,5001.0,2411.0
2011-09-02,5040.0,2427.0
2011-09-05,5017.0,2433.0
2011-09-06,5064.0,2455.0
2011-09-07,5125.0,2484.0
2011-09-08,5153.0,2496.0
2011-09-09,5059.0,2477.0
2011-09-12,4947.0,2434.0
2011-09-13,4941.0,2437.0
2011-09-14,5013.0,2450.0
2011-09-15,5076.0,2462.0
2011-09-16,5084.0,2465.0
2011-09-19,5032.0,2461.0
2011-09-20,5140.0,2491.0
2011-09-21,5133.0,2519.0
2011-09-22,4924.0,2443.0
2011-09-23,4868.0,2423.0
2011-09-26,4835.0,2389.0
2011-09-27,4971.0,2432.0
2011-09-28,4946.0,2409.0
2011-09-29,5015.0,2404.0
2011-09-30,4943.0,2395.0
2011-10-03,4850.0,2357.0
2011-10-04,4772.0,2331.0
2011-10-05,4751.0,2304.0
2011-10-07,4888.0,2340.0
2011-10-10,4980.0,2363.0
2011-10-11,4974.0,2371.0
2011-10-12,5099.0,2402.0
2011-10-13,5078.0,2403.0
2011-10-14,5132.0,2415.0
2011-10-17,5118.0,2422.0
2011-10-18,5038.0,2396.0
2011-10-19,5139.0,2422.0
2011-10-20,5092.0,2409.0
2011-10-21,5050.0,2399.0
2011-10-24,5098.0,2388.0
2011-10-25,5192.0,2390.0
2011-10-26,5202.0,2420.0
2011-10-28,5361.0,2454.0
2011-10-31,5327.0,2463.0
2011-11-01,5258.0,2451.0
2011-11-02,5258.0,2447.0
2011-11-03,5266.0,2442.0
2011-11-04,5284.0,2458.0
2011-11-08,5289.0,2461.0
2011-11-09,5221.0,2432.0
2011-11-11,5169.0,2394.0
2011-11-14,5148.0,2352.0
2011-11-15,5069.0,2286.0
2011-11-16,5030.0,2261.0
2011-11-17,4935.0,2233.0
2011-11-18,4906.0,2208.0
2011-11-21,4778.0,2168.0
2011-11-22,4812.0,2167.0
2011-11-23,4706.0,2123.0
2011-11-24,4756.0,2145.0
2011-11-25,4710.0,2158.0
2011-11-28,4851.0,2191.0
2011-11-29,4805.0,2179.0
2011-11-30,4832.0,2153.0
2011-12-01,4937.0,2170.0
2011-12-02,5050.0,2193.0
2011-12-05,5039.0,2196.0
2011-12-07,5063.0,2201.0
2011-12-08,4944.0,2159.0
2011-12-09,4867.0,2143.0
2011-12-12,4765.0,2103.0
2011-12-13,4801.0,2089.0
2011-12-14,4763.0,2068.0
2011-12-15,4746.0,2039.0
2011-12-16,4652.0,1997.0
2011-12-19,4613.0,1953.0
2011-12-20,4544.0,1917.0
2011-12-21,4693.0,1939.0
2011-12-22,4734.0,1948.0
2011-12-23,4714.0,1953.0
2011-12-26,4779.0,1972.0
2011-12-27,4751.0,1960.0
2011-12-28,4706.0,1936.0
2011-12-29,4646.0,1928.0
2011-12-30,4624.0,1932.0
2012-01-02,4637.0,1936.0
2012-01-03,4765.0,1982.0
2012-01-04,4750.0,1980.0
2012-01-05,4750.0,1980.0
2012-01-06,4754.0,1979.0
2012-01-07,4747.0,1999.0
2012-01-09,4743.0,2017.0
2012-01-10,4850.0,2065.0
2012-01-11,4861.0,2092.0
2012-01-12,4831.0,2093.0
2012-01-13,4866.0,2128.0
2012-01-16,4874.0,2130.0
2012-01-17,4967.0,2158.0
2012-01-18,4956.0,2139.0
2012-01-19,5018.0,2166.0
2012-01-20,5049.0,2166.0
2012-01-23,5046.0,2163.0
2012-01-24,5127.0,2186.0
2012-01-25,5158.0,2216.0
2012-01-27,5205.0,2236.0
2012-01-30,5087.0,2192.0
2012-01-31,5199.0,2232.0
2012-02-01,5236.0,2265.0
2012-02-02,5270.0,2287.0
2012-02-03,5326.0,2313.0
2012-02-06,5362.0,2341.0
2012-02-07,5335.0,2336.0
2012-02-08,5368.0,2371.0
2012-02-09,5412.0,2405.0
2012-02-10,5382.0,2412.0
2012-02-13,5390.0,2417.0
2012-02-14,5416.0,2447.0
2012-02-15,5532.0,2480.0
2012-02-16,5522.0,2503.0
2012-02-17,5564.0,2499.0
2012-02-21,5607.0,2524.0
2012-02-22,5505.0,2435.0
2012-02-23,5483.0,2417.0
2012-02-24,5429.0,2401.0
2012-02-27,5281.0,2327.0
2012-02-28,5376.0,2391.0
2012-02-29,5385.0,2410.0
2012-03-01,5340.0,2399.0
2012-03-02,5359.0,2399.0
2012-03-03,5359.0,2404.0
2012-03-05,5280.0,2381.0
2012-03-06,5222.0,2351.0
2012-03-07,5220.0,2347.0
2012-03-09,5334.0,2392.0
2012-03-12,5360.0,2407.0
2012-03-13,5430.0,2436.0
2012-03-14,5464.0,2433.0
2012-03-15,5381.0,2404.0
2012-03-16,5318.0,2383.0
2012-03-19,5257.0,2364.0
2012-03-20,5275.0,2376.0
2012-03-21,5365.0,2410.0
2012-03-22,5228.0,2367.0
2012-03-23,5278.0,2376.0
2012-03-26,5184.0,2344.0
2012-03-27,5243.0,2343.0
2012-03-28,5195.0,2324.0
2012-03-29,5179.0,2330.0
2012-03-30,5296.0,2385.0
2012-04-02,5318.0,2415.0
2012-04-03,5359.0,2443.0
2012-04-04,5323.0,2440.0
2012-04-09,5234.0,2410.0
2012-04-10,5244.0,2411.0
2012-04-11,5227.0,2403.0
2012-04-12,5277.0,2425.0
2012-04-13,5207.0,2406.0
2012-04-16,5226.0,2424.0
2012-04-17,5290.0,2442.0
2012-04-18,5300.0,2446.0
2012-04-19,5332.0,2448.0
2012-04-20,5291.0,2428.0
2012-04-23,5201.0,2388.0
2012-04-24,5223.0,2381.0
2012-04-25,5202.0,2367.0
2012-04-26,5189.0,2358.0
2012-04-27,5191.0,2354.0
2012-04-28,5209.0,2360.0
2012-04-30,5248.0,2381.0
2012-05-02,5239.0,2382.0
2012-05-03,5188.0,2357.0
2012-05-04,5087.0,2313.0
2012-05-07,5114.0,2323.0
2012-05-08,5000.0,2291.0
2012-05-09,4975.0,2259.0
2012-05-10,4966.0,2260.0
2012-05-11,4929.0,2240.0
2012-05-14,4908.0,2206.0
2012-05-15,4943.0,2219.0
2012-05-16,4858.0,2195.0
2012-05-17,4870.0,2199.0
2012-05-18,4891.0,2198.0
2012-05-21,4906.0,2217.0
2012-05-22,4861.0,2203.0
2012-05-23,4836.0,2190.0
2012-05-24,4921.0,2204.0
2012-05-25,4920.0,2212.0
2012-05-28,4986.0,2230.0
2012-05-29,4990.0,2229.0
2012-05-30,4951.0,2207.0
2012-05-31,4924.0,2202.0
2012-06-01,4842.0,2172.0
2012-06-04,4848.0,2168.0
2012-06-05,4863.0,2176.0
2012-06-06,4997.0,2216.0
2012-06-07,5050.0,2232.0
2012-06-08,5068.0,2239.0
2012-06-11,5054.0,2236.0
2012-06-12,5116.0,2246.0
2012-06-13,5121.0,2248.0
2012-06-14,5055.0,2228.0
2012-06-15,5139.0,2240.0
2012-06-18,5064.0,2216.0
2012-06-19,5104.0,2222.0
2012-06-20,5121.0,2241.0
2012-06-21,5165.0,2263.0
2012-06-22,5146.0,2265.0
2012-06-25,5115.0,2268.0
2012-06-26,5121.0,2265.0
2012-06-27,5142.0,2273.0
2012-06-28,5149.0,2277.0
2012-06-29,5279.0,2317.0
2012-07-02,5279.0,2336.0
2012-07-03,5288.0,2348.0
2012-07-04,5303.0,2370.0
2012-07-05,5327.0,2408.0
2012-07-06,5317.0,2397.0
2012-07-09,5275.0,2367.0
2012-07-10,5345.0,2391.0
2012-07-11,5306.0,2386.0
2012-07-12,5235.0,2369.0
2012-07-13,5227.0,2373.0
2012-07-16,5197.0,2357.0
2012-07-17,5193.0,2337.0
2012-07-18,5216.0,2346.0
2012-07-19,5243.0,2355.0
2012-07-20,5205.0,2349.0
2012-07-23,5118.0,2318.0
2012-07-24,5128.0,2320.0
2012-07-25,5110.0,2306.0
2012-07-26,5043.0,2257.0
2012-07-27,5100.0,2231.0
2012-07-30,5200.0,2261.0
2012-07-31,5229.0,2276.0
2012-08-01,5241.0,2301.0
2012-08-02,5228.0,2310.0
2012-08-03,5216.0,2304.0
2012-08-06,5283.0,2320.0
2012-08-07,5337.0,2327.0
2012-08-08,5338.0,2320.0
2012-08-09,5323.0,2315.0
2012-08-10,5320.0,2310.0
2012-08-13,5348.0,2320.0
2012-08-14,5380.0,2333.0
2012-08-16,5363.0,2339.0
2012-08-17,5366.0,2338.0
2012-08-21,5421.0,2344.0
2012-08-22,5413.0,2337.0
2012-08-23,5415.0,2339.0
2012-08-24,5387.0,2327.0
2012-08-27,5350.0,2302.0
2012-08-28,5335.0,2275.0
2012-08-29,5288.0,2255.0
2012-08-30,5315.0,2259.0
2012-08-31,5259.0,2259.0
2012-09-03,5254.0,2265.0
2012-09-04,5274.0,2276.0
2012-09-05,5226.0,2271.0
2012-09-06,5238.0,2281.0
2012-09-07,5342.0,2305.0
2012-09-08,5359.0,2317.0
2012-09-10,5363.0,2327.0
2012-09-11,5390.0,2339.0
2012-09-12,5431.0,2350.0
2012-09-13,5435.0,2343.0
2012-09-14,5578.0,2359.0
2012-09-17,5610.0,2382.0
2012-09-18,5600.0,2401.0
2012-09-20,5554.0,2383.0
2012-09-21,5691.0,2418.0
2012-09-24,5670.0,2433.0
2012-09-25,5674.0,2448.0
2012-09-26,5663.0,2455.0
2012-09-27,5650.0,2462.0
2012-09-28,5703.0,2489.0
2012-10-01,5719.0,2524.0
2012-10-03,5731.0,2548.0
2012-10-04,5788.0,2562.0
2012-10-05,5747.0,2540.0
2012-10-08,5676.0,2525.0
2012-10-09,5705.0,2539.0
2012-10-10,5652.0,2496.0
2012-10-11,5708.0,2524.0
2012-10-12,5676.0,2523.0
2012-10-15,5687.0,2531.0
2012-10-16,5648.0,2515.0
2012-10-17,5660.0,2517.0
2012-10-18,5719.0,2548.0
2012-10-19,5684.0,2531.0
2012-10-22,5717.0,2527.0
2012-10-23,5691.0,2523.0
2012-10-25,5705.0,2524.0
2012-10-26,5664.0,2493.0
2012-10-29,5666.0,2487.0
2012-10-30,5598.0,2459.0
2012-10-31,5620.0,2477.0
2012-11-01,5645.0,2494.0
2012-11-02,5698.0,2502.0
2012-11-05,5704.0,2496.0
2012-11-06,5724.0,2517.0
2012-11-07,5760.0,2533.0
2012-11-08,5739.0,2532.0
2012-11-09,5686.0,2510.0
2012-11-12,5684.0,2521.0
2012-11-13,5667.0,2544.0
2012-11-15,5631.0,2553.0
2012-11-16,5574.0,2525.0
2012-11-19,5571.0,2504.0
2012-11-20,5572.0,2481.0
2012-11-21,5615.0,2486.0
2012-11-22,5628.0,2494.0
2012-11-23,5627.0,2502.0
2012-11-26,5636.0,2523.0
2012-11-27,5727.0,2550.0
2012-11-29,5825.0,2573.0
2012-11-30,5880.0,2607.0
2012-12-03,5871.0,2640.0
2012-12-04,5889.0,2641.0
2012-12-05,5901.0,2652.0
2012-12-06,5931.0,2672.0
2012-12-07,5907.0,2672.0
2012-12-10,5909.0,2689.0
2012-12-11,5899.0,2659.0
2012-12-12,5888.0,2664.0
2012-12-13,5852.0,2626.0
2012-12-14,5880.0,2636.0
2012-12-17,5858.0,2655.0
2012-12-18,5897.0,2676.0
2012-12-19,5930.0,2689.0
2012-12-20,5916.0,2680.0
2012-12-21,5848.0,2636.0
2012-12-24,5856.0,2648.0
2012-12-26,5906.0,2664.0
2012-12-27,5870.0,2648.0
2012-12-28,5908.0,2657.0
2012-12-31,5905.0,2670.0
2013-01-01,5951.0,2705.0
2013-01-02,5993.0,2727.0
2013-01-03,6010.0,2747.0
2013-01-04,6016.0,2760.0
2013-01-07,5988.0,2769.0
2013-01-08,6002.0,2762.0
2013-01-09,5972.0,2753.0
2013-01-10,5969.0,2745.0
2013-01-11,5951.0,2706.0
2013-01-14,6024.0,2731.0
2013-01-15,6057.0,2736.0
2013-01-16,6002.0,2697.0
2013-01-17,6039.0,2697.0
2013-01-18,6064.0,2694.0
2013-01-21,6082.0,2696.0
2013-01-22,6049.0,2669.0
2013-01-23,6054.0,2639.0
2013-01-24,6019.0,2573.0
2013-01-25,6075.0,2607.0
2013-01-28,6075.0,2611.0
2013-01-29,6050.0,2590.0
2013-01-30,6056.0,2590.0
2013-01-31,6035.0,2594.0
2013-02-01,5999.0,2589.0
2013-02-04,5987.0,2561.0
2013-02-05,5957.0,2545.0
2013-02-06,5959.0,2548.0
2013-02-07,5939.0,2518.0
2013-02-08,5904.0,2493.0
2013-02-11,5898.0,2490.0
2013-02-12,5923.0,2479.0
2013-02-13,5933.0,2470.0
2013-02-14,5897.0,2432.0
2013-02-15,5887.0,2422.0
2013-02-18,5898.0,2434.0
2013-02-19,5940.0,2462.0
2013-02-20,5943.0,2467.0
2013-02-21,5852.0,2428.0
2013-02-22,5850.0,2430.0
2013-02-25,5855.0,2403.0
2013-02-26,5761.0,2353.0
2013-02-27,5797.0,2367.0
2013-02-28,5693.0,2316.0
2013-03-01,5720.0,2315.0
2013-03-04,5699.0,2274.0
2013-03-05,5784.0,2310.0
2013-03-06,5819.0,2343.0
2013-03-07,5863.0,2354.0
2013-03-08,5946.0,2376.0
2013-03-11,5942.0,2386.0
2013-03-12,5914.0,2375.0
2013-03-13,5851.0,2346.0
2013-03-14,5909.0,2346.0
2013-03-15,5873.0,2325.0
2013-03-18,5835.0,2316.0
2013-03-19,5746.0,2280.0
2013-03-20,5694.0,2233.0
2013-03-21,5659.0,2205.0
2013-03-22,5651.0,2193.0
2013-03-25,5634.0,2186.0
2013-03-26,5642.0,2192.0
2013-03-28,5683.0,2224.0
2013-04-01,5704.0,2265.0
2013-04-02,5748.0,2309.0
2013-04-03,5673.0,2295.0
2013-04-04,5575.0,2246.0
2013-04-05,5553.0,2241.0
2013-04-08,5543.0,2242.0
2013-04-09,5495.0,2220.0
2013-04-10,5559.0,2230.0
2013-04-11,5594.0,2240.0
2013-04-12,5529.0,2234.0
2013-04-15,5568.0,2246.0
2013-04-16,5689.0,2263.0
2013-04-17,5689.0,2268.0
2013-04-18,5783.0,2285.0
2013-04-22,5834.0,2308.0
2013-04-23,5837.0,2311.0
2013-04-25,5916.0,2312.0
2013-04-26,5871.0,2292.0
2013-04-29,5904.0,2305.0
2013-04-30,5930.0,2309.0
2013-05-02,5999.0,2322.0
2013-05-03,5944.0,2313.0
2013-05-06,5971.0,2343.0
2013-05-07,6044.0,2359.0
2013-05-08,6069.0,2378.0
2013-05-09,6050.0,2368.0
2013-05-10,6095.0,2367.0
2013-05-11,6107.0,2373.0
2013-05-13,5980.0,2337.0
2013-05-14,5995.0,2332.0
2013-05-15,6147.0,2368.0
2013-05-16,6170.0,2374.0
2013-05-17,6187.0,2381.0
2013-05-20,6157.0,2374.0
2013-05-21,6114.0,2355.0
2013-05-22,6095.0,2331.0
2013-05-23,5967.0,2280.0
2013-05-24,5984.0,2291.0
2013-05-27,6083.0,2316.0
2013-05-28,6111.0,2325.0
2013-05-29,6104.0,2313.0
2013-05-30,6124.0,2307.0
2013-05-31,5986.0,2264.0
2013-06-03,5939.0,2266.0
2013-06-04,5919.0,2272.0
2013-06-05,5924.0,2276.0
2013-06-06,5921.0,2284.0
2013-06-07,5881.0,2275.0
2013-06-10,5878.0,2253.0
2013-06-11,5789.0,2209.0
2013-06-12,5760.0,2194.0
2013-06-13,5699.0,2159.0
2013-06-14,5808.0,2183.0
2013-06-17,5850.0,2188.0
2013-06-18,5814.0,2191.0
2013-06-19,5822.0,2204.0
2013-06-20,5656.0,2158.0
2013-06-21,5668.0,2133.0
2013-06-24,5590.0,2086.0
2013-06-25,5609.0,2075.0
2013-06-26,5589.0,2057.0
2013-06-27,5682.0,2064.0
2013-06-28,5842.0,2107.0
2013-07-01,5899.0,2147.0
2013-07-02,5858.0,2143.0
2013-07-03,5771.0,2099.0
2013-07-04,5837.0,2109.0
2013-07-05,5868.0,2114.0
2013-07-08,5812.0,2110.0
2013-07-09,5859.0,2128.0
2013-07-10,5817.0,2128.0
2013-07-11,5935.0,2146.0
2013-07-12,6009.0,2146.0
2013-07-15,6031.0,2160.0
2013-07-16,5955.0,2135.0
2013-07-17,5973.0,2126.0
2013-07-18,6038.0,2142.0
2013-07-19,6029.0,2131.0
2013-07-22,6032.0,2123.0
2013-07-23,6078.0,2125.0
2013-07-24,5991.0,2089.0
2013-07-25,5908.0,2071.0
2013-07-26,5886.0,2053.0
2013-07-29,5832.0,2024.0
2013-07-30,5755.0,1977.0
2013-07-31,5742.0,1953.0
2013-08-01,5728.0,1928.0
2013-08-02,5678.0,1908.0
2013-08-05,5685.0,1918.0
2013-08-06,5542.0,1875.0
2013-08-07,5519.0,1902.0
2013-08-08,5566.0,1926.0
2013-08-12,5612.0,1957.0
2013-08-13,5699.0,1981.0
2013-08-14,5742.0,1987.0
2013-08-16,5508.0,1933.0
2013-08-19,5415.0,1912.0
2013-08-20,5401.0,1915.0
2013-08-21,5303.0,1898.0
2013-08-22,5408.0,1909.0
2013-08-23,5472.0,1932.0
2013-08-26,5477.0,1940.0
2013-08-27,5287.0,1900.0
2013-08-28,5285.0,1880.0
2013-08-29,5409.0,1899.0
2013-08-30,5472.0,1902.0
2013-09-02,5551.0,1926.0
2013-09-03,5341.0,1901.0
2013-09-04,5448.0,1914.0
2013-09-05,5593.0,1949.0
2013-09-06,5680.0,1958.0
2013-09-10,5897.0,1980.0
2013-09-11,5913.0,2007.0
2013-09-12,5851.0,2002.0
2013-09-13,5851.0,2014.0
2013-09-16,5841.0,1996.0
2013-09-17,5850.0,1995.0
2013-09-18,5899.0,1998.0
2013-09-19,6116.0,2027.0
2013-09-20,6012.0,1999.0
2013-09-23,5890.0,1990.0
2013-09-24,5892.0,1990.0
2013-09-25,5874.0,1991.0
2013-09-26,5882.0,1997.0
2013-09-27,5833.0,2000.0
2013-09-30,5735.0,1990.0
2013-10-01,5780.0,1999.0
2013-10-03,5910.0,2023.0
2013-10-04,5907.0,2033.0
2013-10-07,5906.0,2044.0
2013-10-08,5928.0,2057.0
2013-10-09,6007.0,2077.0
2013-10-10,6021.0,2097.0
2013-10-11,6096.0,2109.0
2013-10-14,6113.0,2127.0
2013-10-15,6089.0,2098.0
2013-10-17,6046.0,2102.0
2013-10-18,6189.0,2117.0
2013-10-21,6205.0,2142.0
2013-10-22,6203.0,2166.0
2013-10-23,6178.0,2156.0
2013-10-24,6164.0,2159.0
2013-10-25,6145.0,2146.0
2013-10-28,6101.0,2135.0
2013-10-29,6221.0,2155.0
2013-10-30,6252.0,2167.0
2013-10-31,6299.0,2185.0
2013-11-01,6307.0,2211.0
2013-11-03,6317.0,2244.0
2013-11-05,6253.0,2260.0
2013-11-06,6215.0,2270.0
2013-11-07,6187.0,2242.0
2013-11-08,6141.0,2237.0
2013-11-11,6079.0,2209.0
2013-11-12,6018.0,2190.0
2013-11-13,5990.0,2178.0
2013-11-14,6056.0,2208.0
2013-11-18,6189.0,2232.0
2013-11-19,6203.0,2241.0
2013-11-20,6123.0,2247.0
2013-11-21,5999.0,2221.0
2013-11-22,5995.0,2226.0
2013-11-25,6115.0,2251.0
2013-11-26,6059.0,2235.0
2013-11-27,6057.0,2238.0
2013-11-28,6092.0,2261.0
2013-11-29,6176.0,2286.0
2013-12-02,6218.0,2312.0
2013-12-03,6202.0,2318.0
2013-12-04,6161.0,2312.0
2013-12-05,6241.0,2317.0
2013-12-06,6260.0,2323.0
2013-12-09,6364.0,2331.0
2013-12-10,6333.0,2314.0
2013-12-11,6308.0,2316.0
2013-12-12,6237.0,2312.0
2013-12-13,6168.0,2285.0
2013-12-16,6155.0,2293.0
2013-12-17,6139.0,2292.0
2013-12-18,6217.0,2323.0
2013-12-19,6167.0,2320.0
2013-12-20,6274.0,2362.0
2013-12-23,6285.0,2393.0
2013-12-24,6268.0,2412.0
2013-12-26,6279.0,2438.0
2013-12-27,6314.0,2441.0
2013-12-30,6291.0,2440.0
2013-12-31,6304.0,2453.0
2014-01-01,6302.0,2485.0
2014-01-02,6221.0,2430.0
2014-01-03,6211.0,2450.0
2014-01-06,6191.0,2475.0
2014-01-07,6162.0,2476.0
2014-01-08,6175.0,2487.0
2014-01-09,6168.0,2470.0
2014-01-10,6171.0,2453.0
2014-01-13,6273.0,2457.0
2014-01-14,6242.0,2454.0
2014-01-15,6321.0,2458.0
2014-01-16,6319.0,2449.0
2014-01-17,6262.0,2403.0
2014-01-20,6304.0,2425.0
2014-01-21,6314.0,2440.0
2014-01-22,6339.0,2450.0
2014-01-23,6346.0,2440.0
2014-01-24,6267.0,2395.0
2014-01-27,6136.0,2332.0
2014-01-28,6126.0,2341.0
2014-01-29,6120.0,2338.0
2014-01-30,6074.0,2304.0
2014-01-31,6090.0,2340.0
2014-02-03,6002.0,2326.0
2014-02-04,6001.0,2336.0
2014-02-05,6022.0,2353.0
2014-02-06,6036.0,2348.0
2014-02-07,6063.0,2359.0
2014-02-10,6053.0,2356.0
2014-02-11,6063.0,2365.0
2014-02-12,6084.0,2371.0
2014-02-13,6001.0,2346.0
2014-02-14,6048.0,2346.0
2014-02-17,6073.0,2344.0
2014-02-18,6127.0,2372.0
2014-02-19,6153.0,2392.0
2014-02-20,6091.0,2389.0
2014-02-21,6155.0,2410.0
2014-02-24,6186.0,2418.0
2014-02-25,6200.0,2426.0
2014-02-26,6239.0,2430.0
2014-02-28,6277.0,2440.0
2014-03-03,6221.0,2440.0
2014-03-04,6298.0,2474.0
2014-03-05,6329.0,2488.0
2014-03-06,6401.0,2523.0
2014-03-07,6527.0,2515.0
2014-03-10,6537.0,2522.0
2014-03-11,6512.0,2525.0
2014-03-12,6517.0,2524.0
2014-03-13,6493.0,2503.0
2014-03-14,6504.0,2496.0
2014-03-18,6517.0,2525.0
2014-03-19,6524.0,2537.0
2014-03-20,6483.0,2539.0
2014-03-21,6493.0,2566.0
2014-03-22,6495.0,2579.0
2014-03-24,6584.0,2579.0
2014-03-25,6590.0,2592.0
2014-03-26,6601.0,2597.0
2014-03-27,6642.0,2617.0
2014-03-28,6696.0,2656.0
2014-03-31,6704.0,2682.0
2014-04-01,6721.0,2688.0
2014-04-02,6753.0,2734.0
2014-04-03,6736.0,2726.0
2014-04-04,6694.0,2743.0
2014-04-07,6695.0,2746.0
2014-04-09,6796.0,2803.0
2014-04-10,6796.0,2822.0
2014-04-11,6776.0,2839.0
2014-04-15,6733.0,2828.0
2014-04-16,6675.0,2788.0
2014-04-17,6779.0,2830.0
2014-04-21,6818.0,2870.0
2014-04-22,6815.0,2872.0
2014-04-23,6841.0,2880.0
2014-04-25,6783.0,2872.0
2014-04-28,6761.0,2878.0
2014-04-29,6715.0,2873.0
2014-04-30,6696.0,2829.0
2014-05-02,6695.0,2845.0
2014-05-05,6699.0,2837.0
2014-05-06,6715.0,2850.0
2014-05-07,6653.0,2847.0
2014-05-08,6660.0,2865.0
2014-05-09,6859.0,2897.0
2014-05-12,7014.0,2916.0
2014-05-13,7109.0,2974.0
2014-05-14,7109.0,3002.0
2014-05-15,7123.0,2974.0
2014-05-16,7203.0,3020.0
2014-05-19,7264.0,3202.0
2014-05-20,7276.0,3292.0
2014-05-21,7253.0,3346.0
2014-05-22,7276.0,3446.0
2014-05-23,7367.0,3516.0
2014-05-26,7359.0,3429.0
2014-05-27,7318.0,3403.0
2014-05-28,7330.0,3439.0
2014-05-29,7236.0,3424.0
2014-05-30,7230.0,3436.0
2014-06-02,7363.0,3515.0
2014-06-03,7416.0,3560.0
2014-06-04,7402.0,3636.0
2014-06-05,7474.0,3684.0
2014-06-06,7583.0,3739.0
2014-06-09,7655.0,3826.0
2014-06-10,7656.0,3818.0
2014-06-11,7627.0,3788.0
2014-06-12,7650.0,3796.0
2014-06-13,7542.0,3683.0
2014-06-16,7534.0,3698.0
2014-06-17,7632.0,3774.0
2014-06-18,7558.0,3761.0
2014-06-19,7541.0,3749.0
2014-06-20,7511.0,3720.0
2014-06-23,7493.0,3737.0
2014-06-24,7580.0,3802.0
2014-06-25,7569.0,3815.0
2014-06-26,7493.0,3803.0
2014-06-27,7509.0,3814.0
2014-06-30,7611.0,3886.0
2014-07-01,7635.0,3919.0
2014-07-02,7725.0,3966.0
2014-07-03,7715.0,3948.0
2014-07-04,7752.0,3980.0
2014-07-07,7787.0,3987.0
2014-07-08,7623.0,3827.0
2014-07-09,7585.0,3756.0
2014-07-10,7568.0,3788.0
2014-07-11,7460.0,3674.0
2014-07-14,7454.0,3656.0
2014-07-15,7527.0,3734.0
2014-07-16,7624.0,3807.0
2014-07-17,7640.0,3863.0
2014-07-18,7664.0,3864.0
2014-07-21,7684.0,3892.0
2014-07-22,7768.0,3888.0
2014-07-23,7796.0,3865.0
2014-07-24,7831.0,3864.0
2014-07-25,7790.0,3794.0
2014-07-28,7749.0,3769.0
2014-07-30,7791.0,3770.0
2014-07-31,7721.0,3778.0
2014-08-01,7603.0,3738.0
2014-08-04,7684.0,3778.0
2014-08-05,7747.0,3822.0
2014-08-06,7672.0,3807.0
2014-08-07,7649.0,3788.0
2014-08-08,7569.0,3701.0
2014-08-11,7626.0,3722.0
2014-08-12,7727.0,3743.0
2014-08-13,7740.0,3656.0
2014-08-14,7792.0,3702.0
2014-08-18,7874.0,3791.0
2014-08-19,7898.0,3841.0
2014-08-20,7875.0,3851.0
2014-08-21,7891.0,3856.0
2014-08-22,7913.0,3858.0
2014-08-25,7906.0,3833.0
2014-08-26,7905.0,3809.0
2014-08-27,7936.0,3837.0
2014-08-28,7954.0,3834.0
2014-09-01,8028.0,3890.0
2014-09-02,8083.0,3933.0
2014-09-03,8115.0,3959.0
2014-09-04,8096.0,3941.0
2014-09-05,8087.0,3964.0
2014-09-08,8174.0,4026.0
2014-09-09,8153.0,4048.0
2014-09-10,8094.0,4067.0
2014-09-11,8086.0,4124.0
2014-09-12,8106.0,4145.0
2014-09-15,8042.0,4155.0
2014-09-16,7933.0,3996.0
2014-09-17,7976.0,4000.0
2014-09-18,8115.0,4099.0
2014-09-19,8121.0,4136.0
2014-09-22,8146.0,4154.0
2014-09-23,8018.0,4054.0
2014-09-24,8002.0,3979.0
2014-09-25,7912.0,3845.0
2014-09-26,7969.0,3865.0
2014-09-29,7959.0,3938.0
2014-09-30,7965.0,3949.0
2014-10-01,7946.0,3930.0
2014-10-07,7852.0,3890.0
2014-10-08,7843.0,3881.0
2014-10-09,7961.0,3950.0
2014-10-10,7860.0,3901.0
2014-10-13,7884.0,3925.0
2014-10-14,7864.0,3927.0
2014-10-16,7748.0,3808.0
2014-10-17,7780.0,3813.0
2014-10-20,7879.0,3843.0
2014-10-21,7928.0,3864.0
2014-10-22,7996.0,3912.0
2014-10-23,8015.0,3954.0
2014-10-27,7992.0,3930.0
2014-10-28,8028.0,3943.0
2014-10-29,8090.0,3976.0
2014-10-30,8169.0,4002.0
2014-10-31,8322.0,4054.0
2014-11-03,8324.0,4106.0
2014-11-05,8338.0,4113.0
2014-11-07,8337.0,4111.0
2014-11-10,8344.0,4110.0
2014-11-11,8363.0,4141.0
2014-11-12,8383.0,4149.0
2014-11-13,8358.0,4137.0
2014-11-14,8390.0,4159.0
2014-11-17,8431.0,4213.0
2014-11-18,8426.0,4234.0
2014-11-19,8382.0,4199.0
2014-11-20,8402.0,4184.0
2014-11-21,8477.0,4166.0
2014-11-24,8530.0,4158.0
2014-11-25,8463.0,4072.0
2014-11-26,8476.0,4103.0
2014-11-27,8494.0,4114.0
2014-11-28,8588.0,4128.0
2014-12-01,8556.0,4094.0
2014-12-02,8525.0,4125.0
2014-12-03,8538.0,4188.0
2014-12-04,8564.0,4211.0
2014-12-05,8538.0,4211.0
2014-12-08,8438.0,4169.0
2014-12-09,8341.0,4103.0
2014-12-10,8356.0,4153.0
2014-12-11,8293.0,4125.0
2014-12-12,8224.0,4060.0
2014-12-15,8220.0,4046.0
2014-12-16,8068.0,3906.0
2014-12-17,8030.0,3869.0
2014-12-18,8159.0,3987.0
2014-12-19,8225.0,4011.0
2014-12-22,8324.0,4045.0
2014-12-23,8267.0,4032.0
2014-12-24,8174.0,4041.0
2014-12-26,8201.0,4046.0
2014-12-29,8246.0,4069.0
2014-12-30,8248.0,4096.0
2014-12-31,8283.0,4159.0
2015-01-01,8284.0,4208.0
2015-01-02,8395.0,4236.0
2015-01-05,8378.0,4255.0
2015-01-06,8127.0,4120.0
2015-01-07,8102.0,4126.0
2015-01-08,8235.0,4205.0
2015-01-09,8285.0,4201.0
2015-01-12,8323.0,4237.0
2015-01-13,8299.0,4243.0
2015-01-14,8278.0,4227.0
2015-01-15,8494.0,4286.0
2015-01-16,8514.0,4300.0
2015-01-19,8551.0,4328.0
2015-01-20,8696.0,4354.0
2015-01-21,8730.0,4336.0
2015-01-22,8761.0,4354.0
2015-01-23,8836.0,4330.0
2015-01-27,8911.0,4350.0
2015-01-28,8914.0,4343.0
2015-01-29,8952.0,4349.0
2015-01-30,8809.0,4344.0
2015-02-02,8797.0,4392.0
2015-02-03,8757.0,4389.0
2015-02-04,8724.0,4369.0
2015-02-05,8712.0,4322.0
2015-02-06,8661.0,4256.0
2015-02-09,8526.0,4201.0
2015-02-10,8566.0,4205.0
2015-02-11,8627.0,4270.0
2015-02-12,8712.0,4334.0
2015-02-13,8806.0,4352.0
2015-02-16,8809.0,4356.0
2015-02-18,8869.0,4397.0
2015-02-19,8895.0,4407.0
2015-02-20,8834.0,4411.0
2015-02-23,8755.0,4371.0
2015-02-24,8762.0,4353.0
2015-02-25,8767.0,4343.0
2015-02-26,8684.0,4319.0
2015-02-27,8845.0,4392.0
2015-02-28,8902.0,4369.0
2015-03-02,8957.0,4434.0
2015-03-03,8996.0,4501.0
2015-03-04,8923.0,4445.0
2015-03-05,8938.0,4472.0
2015-03-09,8757.0,4413.0
2015-03-10,8712.0,4409.0
2015-03-11,8700.0,4401.0
2015-03-12,8776.0,4462.0
2015-03-13,8648.0,4409.0
2015-03-16,8633.0,4377.0
2015-03-17,8723.0,4395.0
2015-03-18,8686.0,4413.0
2015-03-19,8635.0,4374.0
2015-03-20,8571.0,4282.0
2015-03-23,8551.0,4234.0
2015-03-24,8543.0,4221.0
2015-03-25,8531.0,4191.0
2015-03-26,8342.0,4146.0
2015-03-27,8341.0,4152.0
2015-03-30,8492.0,4275.0
2015-03-31,8491.0,4318.0
2015-04-01,8586.0,4414.0
2015-04-06,8660.0,4484.0
2015-04-07,8660.0,4530.0
2015-04-08,8714.0,4596.0
2015-04-09,8778.0,4608.0
2015-04-10,8780.0,4626.0
2015-04-13,8834.0,4644.0
2015-04-15,8750.0,4622.0
2015-04-16,8707.0,4567.0
2015-04-17,8606.0,4517.0
2015-04-20,8448.0,4415.0
2015-04-21,8378.0,4409.0
2015-04-22,8430.0,4406.0
2015-04-23,8398.0,4402.0
2015-04-24,8305.0,4273.0
2015-04-27,8214.0,4138.0
2015-04-28,8286.0,4217.0
2015-04-29,8240.0,4249.0
2015-04-30,8182.0,4242.0
2015-05-04,8332.0,4328.0
2015-05-05,8325.0,4339.0
2015-05-06,8097.0,4195.0
2015-05-07,8057.0,4114.0
2015-05-08,8192.0,4188.0
2015-05-11,8325.0,4239.0
2015-05-12,8127.0,4145.0
2015-05-13,8235.0,4188.0
2015-05-14,8224.0,4219.0
2015-05-15,8262.0,4233.0
2015-05-18,8374.0,4277.0
2015-05-19,8366.0,4297.0
2015-05-20,8423.0,4293.0
2015-05-21,8421.0,4281.0
2015-05-22,8459.0,4292.0
2015-05-25,8370.0,4278.0
2015-05-26,8339.0,4261.0
2015-05-27,8335.0,4252.0
2015-05-28,8319.0,4250.0
2015-05-29,8434.0,4317.0
2015-06-01,8433.0,4312.0
2015-06-02,8236.0,4227.0
2015-06-03,8135.0,4107.0
2015-06-04,8131.0,4106.0
2015-06-05,8115.0,4124.0
2015-06-08,8044.0,4066.0
2015-06-09,8022.0,4038.0
2015-06-10,8124.0,4079.0
2015-06-11,7965.0,4015.0
2015-06-12,7983.0,4006.0
2015-06-15,8014.0,4029.0
2015-06-16,8047.0,4042.0
2015-06-17,8092.0,4087.0
2015-06-18,8175.0,4140.0
2015-06-19,8225.0,4143.0
2015-06-22,8353.0,4211.0
2015-06-23,8382.0,4228.0
2015-06-24,8361.0,4203.0
2015-06-25,8398.0,4209.0
2015-06-26,8381.0,4224.0
2015-06-29,8318.0,4155.0
2015-06-30,8369.0,4209.0
2015-07-01,8453.0,4271.0
2015-07-02,8445.0,4300.0
2015-07-03,8485.0,4302.0
2015-07-06,8522.0,4366.0
2015-07-07,8511.0,4397.0
2015-07-08,8363.0,4331.0
2015-07-09,8329.0,4337.0
2015-07-10,8361.0,4361.0
2015-07-13,8460.0,4415.0
2015-07-14,8454.0,4444.0
2015-07-15,8524.0,4466.0
2015-07-16,8608.0,4492.0
2015-07-17,8610.0,4511.0
2015-07-20,8603.0,4534.0
2015-07-21,8529.0,4450.0
2015-07-22,8634.0,4501.0
2015-07-23,8590.0,4534.0
2015-07-24,8522.0,4507.0
2015-07-27,8361.0,4442.0
2015-07-28,8337.0,4438.0
2015-07-29,8375.0,4490.0
2015-07-30,8422.0,4548.0
2015-07-31,8533.0,4583.0
2015-08-03,8543.0,4622.0
2015-08-04,8517.0,4657.0
2015-08-05,8568.0,4691.0
2015-08-06,8589.0,4680.0
2015-08-07,8565.0,4670.0
2015-08-10,8526.0,4654.0
2015-08-11,8462.0,4591.0
2015-08-12,8349.0,4469.0
2015-08-13,8356.0,4405.0
2015-08-14,8519.0,4490.0
2015-08-17,8477.0,4507.0
2015-08-18,8467.0,4558.0
2015-08-19,8495.0,4572.0
2015-08-20,8373.0,4476.0
2015-08-21,8300.0,4441.0
2015-08-24,7809.0,4031.0
2015-08-25,7881.0,4065.0
2015-08-26,7792.0,4093.0
2015-08-27,7949.0,4211.0
2015-08-28,8002.0,4222.0
2015-08-31,7971.0,4225.0
2015-09-01,7786.0,4119.0
2015-09-02,7717.0,4113.0
2015-09-03,7823.0,4179.0
2015-09-04,7655.0,4063.0
2015-09-07,7559.0,3989.0
2015-09-08,7688.0,4020.0
2015-09-09,7819.0,4105.0
2015-09-10,7788.0,4093.0
2015-09-11,7789.0,4122.0
2015-09-14,7872.0,4150.0
2015-09-15,7829.0,4128.0
2015-09-16,7899.0,4111.0
2015-09-18,7982.0,4157.0
2015-09-21,7977.0,4198.0
2015-09-22,7812.0,4144.0
2015-09-23,7846.0,4173.0
2015-09-24,7869.0,4200.0
2015-09-28,7796.0,4196.0
2015-09-29,7843.0,4196.0
2015-09-30,7949.0,4255.0
2015-10-01,7951.0,4256.0
2015-10-05,8119.0,4329.0
2015-10-06,8153.0,4358.0
2015-10-07,8177.0,4371.0
2015-10-08,8129.0,4363.0
2015-10-09,8190.0,4371.0
2015-10-12,8144.0,4379.0
2015-10-13,8132.0,4416.0
2015-10-14,8108.0,4420.0
2015-10-15,8180.0,4432.0
2015-10-16,8238.0,4442.0
2015-10-19,8275.0,4476.0
2015-10-20,8262.0,4485.0
2015-10-21,8252.0,4481.0
2015-10-23,8295.0,4461.0
2015-10-26,8261.0,4423.0
2015-10-27,8233.0,4427.0
2015-10-28,8171.0,4417.0
2015-10-29,8112.0,4392.0
2015-10-30,8066.0,4354.0
2015-11-02,8051.0,4350.0
2015-11-03,8061.0,4373.0
2015-11-04,8040.0,4359.0
2015-11-05,7955.0,4281.0
2015-11-06,7954.0,4246.0
2015-11-09,7915.0,4287.0
2015-11-10,7783.0,4242.0
2015-11-11,7825.0,4309.0
2015-11-13,7762.0,4281.0
2015-11-16,7807.0,4317.0
2015-11-17,7838.0,4339.0
2015-11-18,7732.0,4305.0
2015-11-19,7843.0,4354.0
2015-11-20,7857.0,4377.0
2015-11-23,7849.0,4396.0
2015-11-24,7832.0,4421.0
2015-11-26,7884.0,4440.0
2015-11-27,7943.0,4451.0
2015-11-30,7935.0,4482.0
2015-12-01,7955.0,4499.0
2015-12-02,7931.0,4503.0
2015-12-03,7864.0,4486.0
2015-12-04,7782.0,4436.0
2015-12-07,7765.0,4443.0
2015-12-08,7702.0,4376.0
2015-12-09,7613.0,4272.0
2015-12-10,7683.0,4325.0
2015-12-11,7610.0,4301.0
2015-12-14,7650.0,4327.0
2015-12-15,7701.0,4363.0
2015-12-16,7751.0,4371.0
2015-12-17,7844.0,4448.0
2015-12-18,7762.0,4440.0
2015-12-21,7834.0,4485.0
2015-12-22,7786.0,4485.0
2015-12-23,7866.0,4514.0
2015-12-24,7861.0,4540.0
2015-12-28,7925.0,4551.0
2015-12-29,7929.0,4542.0
2015-12-30,7896.0,4551.0
2015-12-31,7946.0,4583.0
2016-01-01,7963.0,4623.0
2016-01-04,7791.0,4564.0
2016-01-05,7785.0,4597.0
2016-01-06,7741.0,4578.0
2016-01-07,7568.0,4435.0
2016-01-08,7601.0,4495.0
2016-01-11,7564.0,4464.0
2016-01-12,7510.0,4417.0
2016-01-13,7562.0,4319.0
2016-01-14,7537.0,4258.0
2016-01-15,7438.0,4102.0
2016-01-18,7351.0,3920.0
2016-01-19,7435.0,3988.0
2016-01-20,7309.0,3900.0
2016-01-21,7277.0,3922.0
2016-01-22,7422.0,4019.0
2016-01-25,7436.0,4065.0
2016-01-27,7438.0,4081.0
2016-01-28,7425.0,4082.0
2016-01-29,7564.0,4133.0
2016-02-01,7556.0,4152.0
2016-02-02,7456.0,4088.0
2016-02-03,7362.0,3985.0
2016-02-04,7404.0,3948.0
2016-02-05,7489.0,4003.0
2016-02-08,7387.0,4001.0
2016-02-09,7298.0,3950.0
2016-02-10,7216.0,3880.0
2016-02-11,6976.0,3684.0
2016-02-12,6981.0,3631.0
2016-02-15,7163.0,3762.0
2016-02-16,7048.0,3680.0
2016-02-17,7108.0,3678.0
2016-02-18,7192.0,3694.0
2016-02-19,7211.0,3697.0
2016-02-22,7235.0,3715.0
2016-02-23,7110.0,3665.0
2016-02-24,7019.0,3625.0
2016-02-25,6971.0,3599.0
2016-02-26,7030.0,3581.0
2016-02-29,6987.0,3579.0
2016-03-01,7222.0,3712.0
2016-03-02,7369.0,3794.0
2016-03-03,7476.0,3851.0
2016-03-04,7485.0,3877.0
2016-03-08,7485.0,3896.0
2016-03-09,7532.0,3913.0
2016-03-10,7486.0,3909.0
2016-03-11,7510.0,3905.0
2016-03-14,7539.0,3925.0
2016-03-15,7461.0,3903.0
2016-03-16,7499.0,3898.0
2016-03-17,7513.0,3908.0
2016-03-18,7604.0,3924.0
2016-03-21,7704.0,3971.0
2016-03-22,7715.0,3984.0
2016-03-23,7717.0,3990.0
2016-03-28,7615.0,3927.0
2016-03-29,7597.0,3922.0
2016-03-30,7735.0,3999.0
2016-03-31,7738.0,4012.0
2016-04-01,7713.0,4051.0
2016-04-04,7759.0,4085.0
2016-04-05,7603.0,4013.0
2016-04-06,7614.0,4062.0
2016-04-07,7546.0,4049.0
2016-04-08,7555.0,4081.0
2016-04-11,7671.0,4111.0
2016-04-12,7709.0,4155.0
2016-04-13,7850.0,4200.0
2016-04-18,7915.0,4252.0
2016-04-20,7915.0,4278.0
2016-04-21,7912.0,4259.0
2016-04-22,7899.0,4258.0
2016-04-25,7855.0,4239.0
2016-04-26,7963.0,4259.0
2016-04-27,7980.0,4272.0
2016-04-28,7847.0,4225.0
2016-04-29,7850.0,4225.0
2016-05-02,7806.0,4232.0
2016-05-03,7747.0,4230.0
2016-05-04,7707.0,4174.0
2016-05-05,7736.0,4178.0
2016-05-06,7733.0,4182.0
2016-05-09,7866.0,4234.0
2016-05-10,7888.0,4240.0
2016-05-11,7849.0,4236.0
2016-05-12,7900.0,4276.0
2016-05-13,7815.0,4267.0
2016-05-16,7861.0,4262.0
2016-05-17,7891.0,4277.0
2016-05-18,7870.0,4296.0
2016-05-19,7783.0,4252.0
2016-05-20,7750.0,4203.0
2016-05-23,7731.0,4178.0
2016-05-24,7749.0,4147.0
2016-05-25,7935.0,4182.0
2016-05-26,8070.0,4214.0
2016-05-27,8157.0,4240.0
2016-05-30,8179.0,4260.0
2016-05-31,8160.0,4251.0
2016-06-01,8180.0,4269.0
2016-06-02,8219.0,4278.0
2016-06-03,8221.0,4265.0
2016-06-06,8201.0,4277.0
2016-06-07,8266.0,4314.0
2016-06-08,8273.0,4360.0
2016-06-09,8204.0,4364.0
2016-06-10,8170.0,4367.0
2016-06-13,8111.0,4358.0
2016-06-14,8109.0,4384.0
2016-06-15,8207.0,4426.0
2016-06-16,8141.0,4409.0
2016-06-17,8170.0,4441.0
2016-06-20,8239.0,4449.0
2016-06-21,8220.0,4464.0
2016-06-22,8204.0,4438.0
2016-06-23,8270.0,4429.0
2016-06-24,8089.0,4349.0
2016-06-27,8095.0,4439.0
2016-06-28,8128.0,4464.0
2016-06-29,8204.0,4538.0
2016-06-30,8288.0,4587.0
2016-07-01,8328.0,4622.0
2016-07-04,8371.0,4675.0
2016-07-05,8336.0,4685.0
2016-07-07,8338.0,4690.0
2016-07-08,8323.0,4667.0
2016-07-11,8468.0,4707.0
2016-07-12,8521.0,4714.0
2016-07-13,8520.0,4670.0
2016-07-14,8565.0,4708.0
2016-07-15,8541.0,4674.0
2016-07-18,8509.0,4654.0
2016-07-19,8529.0,4653.0
2016-07-20,8566.0,4697.0
2016-07-21,8510.0,4694.0
2016-07-22,8541.0,4712.0
2016-07-25,8636.0,4755.0
2016-07-26,8591.0,4729.0
2016-07-27,8616.0,4750.0
2016-07-28,8666.0,4780.0
2016-07-29,8639.0,4778.0
2016-08-01,8637.0,4772.0
2016-08-02,8623.0,4728.0
2016-08-03,8545.0,4677.0
2016-08-04,8551.0,4688.0
2016-08-05,8683.0,4758.0
2016-08-08,8711.0,4791.0
2016-08-09,8678.0,4774.0
2016-08-10,8575.0,4713.0
2016-08-11,8592.0,4706.0
2016-08-12,8672.0,4704.0
2016-08-16,8643.0,4704.0
2016-08-17,8624.0,4746.0
2016-08-18,8673.0,4806.0
2016-08-19,8667.0,4833.0
2016-08-22,8629.0,4829.0
2016-08-23,8633.0,4834.0
2016-08-24,8650.0,4867.0
2016-08-25,8592.0,4851.0
2016-08-26,8573.0,4838.0
2016-08-29,8607.0,4847.0
2016-08-30,8744.0,4889.0
2016-08-31,8786.0,4899.0
2016-09-01,8775.0,4864.0
2016-09-02,8810.0,4886.0
2016-09-06,8943.0,4935.0
2016-09-07,8918.0,4965.0
2016-09-08,8953.0,5019.0
2016-09-09,8867.0,4993.0
2016-09-12,8716.0,4852.0
2016-09-14,8727.0,4925.0
2016-09-15,8743.0,4943.0
2016-09-16,8780.0,4950.0
2016-09-19,8808.0,4979.0
2016-09-20,8776.0,4974.0
2016-09-21,8777.0,4982.0
2016-09-22,8867.0,5037.0
2016-09-23,8832.0,5026.0
2016-09-26,8723.0,4996.0
2016-09-27,8706.0,4991.0
2016-09-28,8745.0,5049.0
2016-09-29,8591.0,4818.0
2016-09-30,8611.0,4924.0
2016-10-03,8738.0,5067.0
2016-10-04,8769.0,5099.0
2016-10-05,8744.0,5138.0
2016-10-06,8710.0,5105.0
2016-10-07,8698.0,5112.0
2016-10-10,8709.0,5118.0
2016-10-13,8573.0,5030.0
2016-10-14,8583.0,5068.0
2016-10-17,8520.0,5043.0
2016-10-18,8678.0,5105.0
2016-10-19,8659.0,5128.0
2016-10-20,8699.0,5165.0
2016-10-21,8693.0,5178.0
2016-10-24,8709.0,5206.0
2016-10-25,8691.0,5203.0
2016-10-26,8615.0,5166.0
2016-10-27,8615.0,5126.0
2016-10-28,8638.0,5160.0
2016-10-30,8626.0,5201.0
2016-11-01,8626.0,5197.0
2016-11-02,8514.0,5100.0
2016-11-03,8485.0,5044.0
2016-11-04,8434.0,4931.0
2016-11-07,8497.0,4998.0
2016-11-08,8544.0,5003.0
2016-11-09,8432.0,4867.0
2016-11-10,8526.0,4954.0
2016-11-11,8296.0,4779.0
2016-11-15,8108.0,4541.0
2016-11-16,8112.0,4553.0
2016-11-17,8080.0,4525.0
2016-11-18,8074.0,4547.0
2016-11-21,7929.0,4384.0
2016-11-22,8002.0,4422.0
2016-11-23,8033.0,4502.0
2016-11-24,7966.0,4503.0
2016-11-25,8114.0,4588.0
2016-11-28,8127.0,4621.0
2016-11-29,8142.0,4653.0
2016-11-30,8225.0,4714.0
2016-12-01,8193.0,4681.0
2016-12-02,8087.0,4621.0
2016-12-05,8129.0,4623.0
2016-12-06,8143.0,4650.0
2016-12-07,8102.0,4623.0
2016-12-08,8247.0,4679.0
2016-12-09,8262.0,4706.0
2016-12-12,8171.0,4666.0
2016-12-13,8222.0,4673.0
2016-12-14,8182.0,4635.0
2016-12-15,8154.0,4648.0
2016-12-16,8139.0,4636.0
2016-12-19,8104.0,4609.0
2016-12-20,8082.0,4567.0
2016-12-21,8061.0,4575.0
2016-12-22,7979.0,4513.0
2016-12-23,7986.0,4506.0
2016-12-26,7908.0,4409.0
2016-12-27,8033.0,4472.0
2016-12-28,8035.0,4503.0
2016-12-29,8104.0,4550.0
2016-12-30,8186.0,4600.0
2017-01-02,8180.0,4670.0
2017-01-03,8192.0,4726.0
2017-01-04,8191.0,4748.0
2017-01-05,8274.0,4793.0
2017-01-06,8244.0,4773.0
2017-01-09,8236.0,4801.0
2017-01-10,8289.0,4842.0
2017-01-11,8381.0,4890.0
2017-01-12,8407.0,4875.0
2017-01-13,8400.0,4881.0
2017-01-16,8413.0,4915.0
2017-01-17,8398.0,4927.0
2017-01-18,8417.0,4954.0
2017-01-19,8435.0,4962.0
2017-01-20,8349.0,4888.0
2017-01-23,8392.0,4918.0
2017-01-24,8476.0,4945.0
2017-01-25,8603.0,4997.0
2017-01-27,8641.0,5032.0
2017-01-30,8633.0,5024.0
2017-01-31,8561.0,4969.0
2017-02-01,8716.0,5063.0
2017-02-02,8734.0,5117.0
2017-02-03,8741.0,5187.0
2017-02-06,8801.0,5241.0
2017-02-07,8768.0,5236.0
2017-02-08,8769.0,5260.0
2017-02-09,8778.0,5269.0
2017-02-10,8794.0,5269.0
2017-02-13,8805.0,5222.0
2017-02-14,8792.0,5183.0
2017-02-15,8725.0,5094.0
2017-02-16,8778.0,5154.0
2017-02-17,8822.0,5188.0
2017-02-20,8879.0,5239.0
2017-02-21,8908.0,5267.0
2017-02-22,8927.0,5238.0
2017-02-23,8940.0,5241.0
2017-02-27,8897.0,5249.0
2017-02-28,8880.0,5292.0
2017-03-01,8946.0,5327.0
2017-03-02,8900.0,5262.0
2017-03-03,8898.0,5280.0
2017-03-06,8963.0,5305.0
2017-03-07,8947.0,5310.0
2017-03-08,8924.0,5284.0
2017-03-09,8927.0,5281.0
2017-03-10,8935.0,5274.0
2017-03-14,9087.0,5339.0
2017-03-15,9085.0,5387.0
2017-03-16,9154.0,5442.0
2017-03-17,9160.0,5431.0
2017-03-20,9127.0,5439.0
2017-03-21,9122.0,5434.0
2017-03-22,9030.0,5384.0
2017-03-23,9086.0,5433.0
2017-03-24,9108.0,5462.0
2017-03-27,9045.0,5456.0
2017-03-28,9101.0,5478.0
2017-03-29,9144.0,5507.0
2017-03-30,9174.0,5545.0
2017-03-31,9174.0,5597.0
2017-04-03,9238.0,5671.0
2017-04-05,9265.0,5741.0
2017-04-06,9262.0,5721.0
2017-04-07,9198.0,5676.0
2017-04-10,9181.0,5716.0
2017-04-11,9237.0,5786.0
2017-04-12,9203.0,5758.0
2017-04-13,9151.0,5770.0
2017-04-17,9139.0,5803.0
2017-04-18,9105.0,5748.0
2017-04-19,9104.0,5803.0
2017-04-20,9136.0,5890.0
2017-04-21,9119.0,5926.0
2017-04-24,9218.0,5980.0
2017-04-25,9307.0,6016.0
2017-04-26,9352.0,5954.0
2017-04-27,9342.0,5958.0
2017-04-28,9304.0,5997.0
2017-05-02,9314.0,6015.0
2017-05-03,9312.0,6029.0
2017-05-04,9360.0,6049.0
2017-05-05,9285.0,5982.0
2017-05-08,9314.0,6035.0
2017-05-09,9317.0,6071.0
2017-05-10,9407.0,6121.0
2017-05-11,9422.0,6113.0
2017-05-12,9401.0,6071.0
2017-05-15,9445.0,6120.0
2017-05-16,9512.0,6167.0
2017-05-17,9526.0,6158.0
2017-05-18,9429.0,6031.0
2017-05-19,9428.0,5981.0
2017-05-22,9438.0,5902.0
2017-05-23,9386.0,5775.0
2017-05-24,9361.0,5672.0
2017-05-25,9510.0,5804.0
2017-05-26,9595.0,5912.0
2017-05-29,9605.0,5812.0
2017-05-30,9625.0,5836.0
2017-05-31,9621.0,5903.0
2017-06-01,9616.0,5957.0
2017-06-02,9654.0,5995.0
2017-06-05,9675.0,6024.0
2017-06-06,9637.0,5976.0
2017-06-07,9664.0,6008.0
2017-06-08,9647.0,6024.0
2017-06-09,9668.0,6057.0
2017-06-12,9616.0,6022.0
2017-06-13,9607.0,6044.0
2017-06-14,9618.0,6067.0
2017-06-15,9578.0,6092.0
2017-06-16,9588.0,6121.0
2017-06-19,9658.0,6119.0
2017-06-20,9654.0,6125.0
2017-06-21,9634.0,6128.0
2017-06-22,9630.0,6086.0
2017-06-23,9575.0,5997.0
2017-06-27,9511.0,5892.0
2017-06-28,9491.0,5902.0
2017-06-29,9504.0,5961.0
2017-06-30,9521.0,5983.0
2017-07-03,9615.0,6054.0
2017-07-04,9613.0,6048.0
2017-07-05,9638.0,6117.0
2017-07-06,9675.0,6139.0
2017-07-07,9666.0,6158.0
2017-07-10,9771.0,6182.0
2017-07-11,9786.0,6134.0
2017-07-12,9816.0,6185.0
2017-07-13,9892.0,6210.0
2017-07-14,9886.0,6184.0
2017-07-17,9916.0,6189.0
2017-07-18,9827.0,6145.0
2017-07-19,9900.0,6211.0
2017-07-20,9873.0,6218.0
2017-07-21,9915.0,6235.0
2017-07-24,9966.0,6244.0
2017-07-25,9965.0,6246.0
2017-07-26,10020.0,6268.0
2017-07-27,10020.0,6220.0
2017-07-28,10014.0,6239.0
2017-07-31,10077.0,6238.0
2017-08-01,10114.0,6231.0
2017-08-02,10081.0,6218.0
2017-08-03,10013.0,6150.0
2017-08-04,10066.0,6150.0
2017-08-07,10057.0,6213.0
2017-08-08,9979.0,6112.0
2017-08-09,9908.0,6010.0
2017-08-10,9820.0,5779.0
2017-08-11,9711.0,5776.0
2017-08-14,9794.0,5917.0
2017-08-16,9897.0,5995.0
2017-08-17,9904.0,6033.0
2017-08-18,9837.0,5996.0
2017-08-21,9754.0,5921.0
2017-08-22,9766.0,5881.0
2017-08-23,9853.0,5960.0
2017-08-24,9857.0,5993.0
2017-08-28,9913.0,6073.0
2017-08-29,9796.0,5997.0
2017-08-30,9884.0,6084.0
2017-08-31,9918.0,6131.0
2017-09-01,9974.0,6189.0
2017-09-04,9913.0,6139.0
2017-09-05,9952.0,6201.0
2017-09-06,9916.0,6228.0
2017-09-07,9930.0,6268.0
2017-09-08,9935.0,6256.0
2017-09-11,10006.0,6280.0
2017-09-12,10093.0,6337.0
2017-09-13,10079.0,6297.0
2017-09-14,10086.0,6320.0
2017-09-15,10085.0,6326.0
2017-09-18,10153.0,6383.0
2017-09-19,10147.0,6416.0
2017-09-20,10141.0,6405.0
2017-09-21,10121.0,6361.0
2017-09-22,9964.0,6166.0
2017-09-25,9873.0,6036.0
2017-09-26,9872.0,6087.0
2017-09-27,9736.0,5963.0
2017-09-28,9769.0,6006.0
2017-09-29,9789.0,6094.0
2017-10-03,9860.0,6118.0
2017-10-04,9915.0,6165.0
2017-10-05,9889.0,6215.0
2017-10-06,9980.0,6290.0
2017-10-09,9989.0,6326.0
2017-10-10,10016.0,6376.0
2017-10-11,9985.0,6306.0
2017-10-12,10096.0,6376.0
2017-10-13,10167.0,6401.0
2017-10-16,10230.0,6405.0
2017-10-17,10234.0,6454.0
2017-10-18,10210.0,6454.0
2017-10-19,10146.0,6460.0
2017-10-23,10184.0,6480.0
2017-10-24,10207.0,6525.0
2017-10-25,10295.0,6538.0
2017-10-26,10343.0,6573.0
2017-10-27,10323.0,6593.0
2017-10-30,10363.0,6667.0
2017-10-31,10335.0,6698.0
2017-11-01,10440.0,6734.0
2017-11-02,10423.0,6758.0
2017-11-03,10452.0,6800.0
2017-11-06,10451.0,6829.0
2017-11-07,10350.0,6736.0
2017-11-08,10303.0,6676.0
2017-11-09,10308.0,6712.0
2017-11-10,10321.0,6715.0
2017-11-13,10224.0,6668.0
2017-11-14,10186.0,6654.0
2017-11-15,10118.0,6547.0
2017-11-16,10214.0,6616.0
2017-11-17,10283.0,6670.0
2017-11-20,10298.0,6729.0
2017-11-21,10326.0,6754.0
2017-11-22,10342.0,6771.0
2017-11-23,10348.0,6811.0
2017-11-24,10389.0,6832.0
2017-11-27,10399.0,6884.0
2017-11-28,10370.0,6902.0
2017-11-29,10361.0,6896.0
2017-11-30,10226.0,6912.0
2017-12-01,10121.0,6814.0
2017-12-04,10127.0,6763.0
2017-12-05,10118.0,6752.0
2017-12-06,10044.0,6719.0
2017-12-07,10166.0,6809.0
2017-12-08,10265.0,6878.0
2017-12-11,10322.0,6879.0
2017-12-12,10240.0,6816.0
2017-12-13,10192.0,6760.0
2017-12-14,10252.0,6743.0
2017-12-15,10333.0,6834.0
2017-12-18,10388.0,6855.0
2017-12-19,10463.0,6979.0
2017-12-20,10444.0,7036.0
2017-12-21,10440.0,7111.0
2017-12-22,10493.0,7154.0
2017-12-26,10531.0,7207.0
2017-12-27,10490.0,7169.0
2017-12-28,10477.0,7193.0
2017-12-29,10530.0,7234.0
2018-01-01,10436.0,7273.0
2018-01-02,10442.0,7222.0
2018-01-03,10443.0,7284.0
2018-01-04,10505.0,7367.0
2018-01-05,10559.0,7436.0
2018-01-08,10624.0,7504.0
2018-01-09,10637.0,7510.0
2018-01-10,10632.0,7515.0
2018-01-11,10651.0,7554.0
2018-01-12,10681.0,7551.0
2018-01-15,10742.0,7568.0
2018-01-16,10700.0,7386.0
2018-01-17,10789.0,7424.0
2018-01-18,10817.0,7265.0
2018-01-19,10895.0,7334.0
2018-01-22,10966.0,7382.0
2018-01-23,11084.0,7414.0
2018-01-24,11086.0,7349.0
2018-01-25,11070.0,7287.0
2018-01-29,11130.0,7188.0
2018-01-30,11050.0,7086.0
2018-01-31,11028.0,7021.0
2018-02-01,11017.0,7024.0
2018-02-02,10761.0,6670.0
2018-02-05,10667.0,6670.0
2018-02-06,10498.0,6522.0
2018-02-07,10477.0,6648.0
2018-02-08,10577.0,6804.0
2018-02-09,10455.0,6828.0
2018-02-12,10540.0,6942.0
2018-02-14,10501.0,6937.0
2018-02-15,10546.0,6852.0
2018-02-16,10452.0,6760.0
2018-02-19,10378.0,6689.0
2018-02-20,10360.0,6682.0
2018-02-21,10397.0,6666.0
2018-02-22,10383.0,6632.0
2018-02-23,10491.0,6741.0
2018-02-26,10583.0,6813.0
2018-02-27,10554.0,6773.0
2018-02-28,10493.0,6771.0
2018-03-01,10458.0,6745.0
2018-03-05,10359.0,6670.0
2018-03-06,10249.0,6577.0
2018-03-07,10154.0,6427.0
2018-03-08,10243.0,6459.0
2018-03-09,10227.0,6435.0
2018-03-12,10421.0,6463.0
2018-03-13,10427.0,6545.0
2018-03-14,10411.0,6541.0
2018-03-15,10360.0,6606.0
2018-03-16,10195.0,6521.0
2018-03-19,10094.0,6379.0
2018-03-20,10124.0,6379.0
2018-03-21,10155.0,6404.0
2018-03-22,10115.0,6324.0
2018-03-23,9998.0,6221.0
2018-03-26,10131.0,6263.0
2018-03-27,10184.0,6353.0
2018-03-28,10114.0,6271.0
2018-04-02,10212.0,6394.0
2018-04-03,10245.0,6478.0
2018-04-04,10128.0,6414.0
2018-04-05,10325.0,6539.0
2018-04-06,10332.0,6580.0
2018-04-09,10379.0,6592.0
2018-04-10,10402.0,6591.0
2018-04-11,10417.0,6592.0
2018-04-12,10459.0,6573.0
2018-04-13,10481.0,6588.0
2018-04-16,10528.0,6612.0
2018-04-17,10549.0,6625.0
2018-04-18,10526.0,6603.0
2018-04-19,10565.0,6660.0
2018-04-20,10564.0,6665.0
2018-04-23,10585.0,6687.0
2018-04-24,10614.0,6673.0
2018-04-25,10571.0,6597.0
2018-04-26,10618.0,6608.0
2018-04-27,10692.0,6637.0
2018-04-30,10739.0,6705.0
2018-05-02,10718.0,6632.0
2018-05-03,10680.0,6570.0
2018-05-04,10618.0,6553.0
2018-05-07,10716.0,6592.0
2018-05-08,10718.0,6622.0
2018-05-09,10742.0,6607.0
2018-05-10,10717.0,6504.0
2018-05-11,10807.0,6487.0
2018-05-14,10807.0,6414.0
2018-05-15,10802.0,6356.0
2018-05-16,10741.0,6363.0
2018-05-17,10683.0,6410.0
2018-05-18,10596.0,6286.0
2018-05-21,10517.0,6133.0
2018-05-22,10537.0,6204.0
2018-05-23,10430.0,6185.0
2018-05-24,10514.0,6187.0
2018-05-25,10605.0,6269.0
2018-05-28,10689.0,6363.0
2018-05-29,10633.0,6351.0
2018-05-30,10614.0,6337.0
2018-05-31,10736.0,6290.0
2018-06-01,10696.0,6191.0
2018-06-04,10629.0,6039.0
2018-06-05,10593.0,5876.0
2018-06-06,10685.0,5968.0
2018-06-07,10768.0,6096.0
2018-06-08,10768.0,6142.0
2018-06-11,10787.0,6167.0
2018-06-12,10843.0,6206.0
2018-06-13,10857.0,6191.0
2018-06-14,10808.0,6182.0
2018-06-15,10818.0,6144.0
2018-06-18,10800.0,6097.0
2018-06-19,10710.0,6015.0
2018-06-20,10772.0,6026.0
2018-06-21,10741.0,5973.0
2018-06-22,10822.0,5974.0
2018-06-25,10762.0,5926.0
2018-06-26,10769.0,5878.0
2018-06-27,10671.0,5759.0
2018-06-28,10589.0,5668.0
2018-06-29,10714.0,5786.0
2018-07-02,10657.0,5734.0
2018-07-03,10700.0,5760.0
2018-07-04,10770.0,5786.0
2018-07-05,10750.0,5754.0
2018-07-06,10773.0,5784.0
2018-07-09,10853.0,5877.0
2018-07-10,10947.0,5939.0
2018-07-11,10948.0,5916.0
2018-07-12,11023.0,5917.0
2018-07-13,11019.0,5808.0
2018-07-16,10937.0,5654.0
2018-07-17,11008.0,5717.0
2018-07-18,10980.0,5661.0
2018-07-19,10957.0,5612.0
2018-07-20,11010.0,5632.0
2018-07-23,11085.0,5679.0
2018-07-24,11134.0,5808.0
2018-07-25,11132.0,5826.0
2018-07-26,11167.0,5848.0
2018-07-27,11278.0,5908.0
2018-07-30,11320.0,5934.0
2018-07-31,11357.0,5943.0
2018-08-01,11346.0,5949.0
2018-08-02,11245.0,5944.0
2018-08-03,11361.0,6029.0
2018-08-06,11387.0,6050.0
2018-08-07,11389.0,6022.0
2018-08-08,11450.0,6039.0
2018-08-09,11471.0,6069.0
2018-08-10,11430.0,6007.0
2018-08-13,11356.0,5951.0
2018-08-14,11435.0,5970.0
2018-08-16,11385.0,5950.0
2018-08-17,11471.0,6008.0
2018-08-20,11552.0,6021.0
2018-08-21,11571.0,6048.0
2018-08-23,11583.0,6036.0
2018-08-24,11557.0,6022.0
2018-08-27,11692.0,6061.0
2018-08-28,11739.0,6074.0
2018-08-29,11692.0,6088.0
2018-08-30,11677.0,6126.0
2018-08-31,11681.0,6160.0
2018-09-03,11582.0,6153.0
2018-09-04,11520.0,6024.0
2018-09-05,11477.0,6009.0
2018-09-06,11537.0,6043.0
2018-09-07,11589.0,6069.0
2018-09-10,11438.0,6000.0
2018-09-11,11288.0,5917.0
2018-09-12,11370.0,5899.0
2018-09-14,11515.0,5978.0
2018-09-17,11378.0,5986.0
2018-09-18,11279.0,5885.0
2018-09-19,11234.0,5835.0
2018-09-21,11143.0,5650.0
2018-09-24,10967.0,5508.0
2018-09-25,11067.0,5461.0
2018-09-26,11054.0,5457.0
2018-09-27,10978.0,5341.0
2018-09-28,10930.0,5130.0
2018-10-01,11008.0,5134.0
2018-10-03,10858.0,5159.0
2018-10-04,10599.0,5049.0
2018-10-05,10316.0,4942.0
2018-10-08,10348.0,4851.0
2018-10-09,10301.0,4827.0
2018-10-10,10460.0,5004.0
2018-10-11,10235.0,4916.0
2018-10-12,10473.0,5041.0
2018-10-15,10513.0,5103.0
2018-10-16,10585.0,5182.0
2018-10-17,10453.0,5060.0
2018-10-19,10304.0,5005.0
2018-10-22,10245.0,4918.0
2018-10-23,10147.0,4854.0
2018-10-24,10225.0,4889.0
2018-10-25,10125.0,4842.0
2018-10-26,10030.0,4831.0
2018-10-29,10251.0,4938.0
2018-10-30,10198.0,4995.0
2018-10-31,10387.0,5057.0
2018-11-01,10380.0,5119.0
2018-11-02,10553.0,5176.0
2018-11-05,10524.0,5155.0
2018-11-06,10530.0,5151.0
2018-11-07,10598.0,5209.0
2018-11-09,10585.0,5244.0
2018-11-12,10482.0,5199.0
2018-11-13,10583.0,5205.0
2018-11-14,10576.0,5198.0
2018-11-15,10617.0,5198.0
2018-11-16,10682.0,5184.0
2018-11-19,10763.0,5204.0
2018-11-20,10656.0,5142.0
2018-11-21,10600.0,5150.0
2018-11-22,10527.0,5130.0
2018-11-26,10629.0,5113.0
2018-11-27,10686.0,5134.0
2018-11-28,10729.0,5105.0
2018-11-29,10859.0,5108.0
2018-11-30,10877.0,5126.0
2018-12-03,10884.0,5156.0
2018-12-04,10870.0,5165.0
2018-12-05,10783.0,5096.0
2018-12-06,10601.0,5030.0
2018-12-07,10694.0,5031.0
2018-12-10,10488.0,4939.0
2018-12-11,10549.0,5005.0
2018-12-12,10738.0,5139.0
2018-12-13,10792.0,5177.0
2018-12-14,10805.0,5185.0
2018-12-17,10888.0,5203.0
2018-12-18,10909.0,5236.0
2018-12-19,10967.0,5295.0
2018-12-20,10952.0,5304.0
2018-12-21,10754.0,5253.0
2018-12-24,10664.0,5203.0
2018-12-26,10730.0,5197.0
2018-12-27,10780.0,5207.0
2018-12-28,10860.0,5254.0
2018-12-31,10863.0,5295.0
2019-01-01,10910.0,5314.0
2019-01-02,10793.0,5275.0
2019-01-03,10672.0,5245.0
2019-01-04,10727.0,5253.0
2019-01-07,10772.0,5257.0
2019-01-08,10802.0,5264.0
2019-01-09,10855.0,5258.0
2019-01-10,10822.0,5271.0
2019-01-11,10795.0,5260.0
2019-01-14,10738.0,5237.0
2019-01-15,10887.0,5285.0
2019-01-16,10890.0,5296.0
2019-01-17,10905.0,5278.0
2019-01-18,10907.0,5229.0
2019-01-21,10962.0,5189.0
2019-01-22,10923.0,5158.0
2019-01-23,10832.0,5150.0
2019-01-24,10850.0,5131.0
2019-01-25,10781.0,5058.0
2019-01-28,10662.0,4965.0
2019-01-29,10652.0,4972.0
2019-01-30,10652.0,4994.0
2019-01-31,10831.0,5022.0
2019-02-01,10894.0,5025.0
2019-02-04,10912.0,4951.0
2019-02-05,10934.0,4906.0
2019-02-06,11062.0,4919.0
2019-02-07,11069.0,4951.0
2019-02-08,10944.0,4895.0
2019-02-11,10889.0,4818.0
2019-02-12,10831.0,4804.0
2019-02-13,10794.0,4778.0
2019-02-14,10746.0,4775.0
2019-02-15,10724.0,4736.0
2019-02-18,10641.0,4695.0
2019-02-19,10604.0,4712.0
2019-02-20,10735.0,4758.0
2019-02-21,10790.0,4809.0
2019-02-22,10792.0,4847.0
2019-02-25,10880.0,4885.0
2019-02-26,10835.0,4857.0
2019-02-27,10807.0,4866.0
2019-02-28,10793.0,4908.0
2019-03-01,10864.0,5023.0
2019-03-05,10987.0,5207.0
2019-03-06,11053.0,5262.0
2019-03-07,11058.0,5258.0
2019-03-08,11035.0,5254.0
2019-03-11,11168.0,5353.0
2019-03-12,11301.0,5410.0
2019-03-13,11342.0,5391.0
2019-03-14,11343.0,5388.0
2019-03-15,11427.0,5360.0
2019-03-18,11462.0,5351.0
2019-03-19,11532.0,5375.0
2019-03-20,11521.0,5357.0
2019-03-22,11457.0,5329.0
2019-03-25,11354.0,5268.0
2019-03-26,11483.0,5311.0
2019-03-27,11445.0,5365.0
2019-03-28,11570.0,5406.0
2019-03-29,11624.0,5439.0
2019-04-01,11669.0,5491.0
2019-04-02,11713.0,5486.0
2019-04-03,11644.0,5433.0
2019-04-04,11598.0,5408.0
2019-04-05,11666.0,5457.0
2019-04-08,11605.0,5440.0
2019-04-09,11672.0,5434.0
2019-04-10,11584.0,5443.0
2019-04-11,11597.0,5447.0
2019-04-12,11643.0,5480.0
2019-04-15,11690.0,5511.0
2019-04-16,11787.0,5527.0
2019-04-18,11753.0,5462.0
2019-04-22,11594.0,5380.0
2019-04-23,11576.0,5364.0
2019-04-24,11726.0,5396.0
2019-04-25,11642.0,5396.0
2019-04-26,11755.0,5390.0
2019-04-30,11748.0,5328.0
2019-05-02,11725.0,5320.0
2019-05-03,11712.0,5312.0
2019-05-06,11598.0,5270.0
2019-05-07,11498.0,5228.0
2019-05-08,11359.0,5158.0
2019-05-09,11302.0,5143.0
2019-05-10,11279.0,5158.0
2019-05-13,11148.0,5041.0
2019-05-14,11222.0,5068.0
2019-05-15,11157.0,5035.0
2019-05-16,11257.0,5043.0
2019-05-17,11407.0,5059.0
2019-05-20,11828.0,5264.0
2019-05-21,11709.0,5231.0
2019-05-22,11738.0,5252.0
2019-05-23,11657.0,5245.0
2019-05-24,11844.0,5374.0
2019-05-27,11925.0,5465.0
2019-05-28,11929.0,5479.0
2019-05-29,11861.0,5444.0
2019-05-30,11946.0,5452.0
2019-05-31,11923.0,5413.0
2019-06-03,12089.0,5416.0
2019-06-04,12022.0,5413.0
2019-06-06,11844.0,5326.0
2019-06-07,11871.0,5320.0
2019-06-10,11923.0,5285.0
2019-06-11,11966.0,5294.0
2019-06-12,11906.0,5273.0
2019-06-13,11914.0,5245.0
2019-06-14,11823.0,5212.0
2019-06-17,11672.0,5137.0
2019-06-18,11692.0,5112.0
2019-06-19,11691.0,5042.0
2019-06-20,11832.0,5093.0
2019-06-21,11724.0,5092.0
2019-06-24,11700.0,5080.0
2019-06-25,11796.0,5101.0
2019-06-26,11848.0,5127.0
2019-06-27,11842.0,5141.0
2019-06-28,11789.0,5139.0
2019-07-01,11866.0,5163.0
2019-07-02,11910.0,5156.0
2019-07-03,11917.0,5171.0
2019-07-04,11947.0,5187.0
2019-07-05,11811.0,5120.0
2019-07-08,11559.0,5009.0
2019-07-09,11556.0,5015.0
2019-07-10,11499.0,4979.0
2019-07-11,11583.0,4997.0
2019-07-12,11553.0,5016.0
2019-07-15,11588.0,4976.0
2019-07-16,11663.0,4976.0
2019-07-17,11688.0,4976.0
2019-07-18,11597.0,4924.0
2019-07-19,11419.0,4841.0
2019-07-22,11346.0,4772.0
2019-07-23,11331.0,4798.0
2019-07-24,11271.0,4738.0
2019-07-25,11252.0,4724.0
2019-07-26,11284.0,4726.0
2019-07-29,11189.0,4678.0
2019-07-30,11085.0,4568.0
2019-07-31,11118.0,4582.0
2019-08-01,10980.0,4524.0
2019-08-02,10997.0,4497.0
2019-08-05,10863.0,4406.0
2019-08-06,10948.0,4479.0
2019-08-07,10856.0,4472.0
2019-08-08,11032.0,4507.0
2019-08-09,11110.0,4546.0
2019-08-13,10926.0,4481.0
2019-08-14,11029.0,4496.0
2019-08-16,11048.0,4502.0
2019-08-19,11054.0,4526.0
2019-08-20,11017.0,4493.0
2019-08-21,10919.0,4413.0
2019-08-22,10741.0,4316.0
2019-08-23,10829.0,4344.0
2019-08-26,11058.0,4434.0
2019-08-27,11105.0,4500.0
2019-08-28,11046.0,4477.0
2019-08-29,10948.0,4439.0
2019-08-30,11023.0,4479.0
2019-09-03,10798.0,4416.0
2019-09-04,10845.0,4426.0
2019-09-05,10848.0,4456.0
2019-09-06,10946.0,4505.0
2019-09-09,11003.0,4537.0
2019-09-11,11036.0,4608.0
2019-09-12,10983.0,4619.0
2019-09-13,11076.0,4646.0
2019-09-16,11004.0,4664.0
2019-09-17,10818.0,4571.0
2019-09-18,10841.0,4578.0
2019-09-19,10705.0,4513.0
2019-09-20,11274.0,4669.0
2019-09-23,11600.0,4820.0
2019-09-24,11588.0,4821.0
2019-09-25,11440.0,4743.0
2019-09-26,11571.0,4767.0
2019-09-27,11512.0,4731.0
2019-09-30,11474.0,4677.0
2019-10-01,11360.0,4598.0
2019-10-03,11314.0,4577.0
2019-10-04,11175.0,4536.0
2019-10-07,11126.0,4488.0
2019-10-09,11313.0,4516.0
2019-10-10,11235.0,4493.0
2019-10-11,11305.0,4507.0
2019-10-14,11341.0,4508.0
2019-10-15,11428.0,4505.0
2019-10-16,11464.0,4514.0
2019-10-17,11586.0,4558.0
2019-10-18,11662.0,4643.0
2019-10-22,11588.0,4682.0
2019-10-23,11604.0,4687.0
2019-10-24,11583.0,4665.0
2019-10-25,11584.0,4646.0
2019-10-27,11627.0,4698.0
2019-10-29,11787.0,4727.0
2019-10-30,11844.0,4757.0
2019-10-31,11877.0,4790.0
2019-11-01,11891.0,4818.0
2019-11-04,11941.0,4839.0
2019-11-05,11917.0,4794.0
2019-11-06,11966.0,4772.0
2019-11-07,12012.0,4796.0
2019-11-08,11908.0,4774.0
2019-11-11,11913.0,4778.0
2019-11-13,11840.0,4740.0
2019-11-14,11872.0,4740.0
2019-11-15,11895.0,4734.0
2019-11-18,11885.0,4742.0
2019-11-19,11940.0,4755.0
2019-11-20,11999.0,4758.0
2019-11-21,11968.0,4744.0
2019-11-22,11914.0,4744.0
2019-11-25,12074.0,4785.0
2019-11-26,12038.0,4765.0
2019-11-27,12101.0,4768.0
2019-11-28,12151.0,4797.0
2019-11-29,12056.0,4831.0
2019-12-02,12048.0,4796.0
2019-12-03,11994.0,4758.0
2019-12-04,12043.0,4775.0
2019-12-05,12018.0,4781.0
2019-12-06,11922.0,4732.0
2019-12-09,11938.0,4699.0
2019-12-10,11857.0,4656.0
2019-12-11,11910.0,4643.0
2019-12-12,11972.0,4668.0
2019-12-13,12087.0,4707.0
2019-12-16,12054.0,4704.0
2019-12-17,12165.0,4737.0
2019-12-18,12222.0,4738.0
2019-12-19,12260.0,4738.0
2019-12-20,12272.0,4741.0
2019-12-23,12263.0,4741.0
2019-12-24,12215.0,4743.0
2019-12-26,12127.0,4756.0
2019-12-27,12246.0,4795.0
2019-12-30,12256.0,4834.0
2019-12-31,12168.0,4857.0
2020-01-01,12183.0,4893.0
2020-01-02,12282.0,4972.0
2020-01-03,12227.0,4983.0
2020-01-06,11993.0,4888.0
2020-01-07,12053.0,4946.0
2020-01-08,12025.0,4946.0
2020-01-09,12216.0,5037.0
2020-01-10,12257.0,5071.0
2020-01-13,12330.0,5120.0
2020-01-14,12362.0,5148.0
2020-01-15,12343.0,5196.0
2020-01-16,12356.0,5234.0
2020-01-17,12352.0,5254.0
2020-01-20,12225.0,5226.0
2020-01-21,12170.0,5226.0
2020-01-22,12107.0,5219.0
2020-01-23,12180.0,5252.0
2020-01-24,12248.0,5280.0
2020-01-27,12119.0,5276.0
2020-01-28,12056.0,5264.0
2020-01-29,12130.0,5267.0
2020-01-30,12036.0,5204.0
2020-01-31,11962.0,5201.0
2020-02-01,11662.0,5070.0
2020-02-03,11708.0,5066.0
2020-02-04,11980.0,5158.0
2020-02-05,12089.0,5198.0
2020-02-06,12138.0,5240.0
2020-02-07,12098.0,5259.0
2020-02-10,12032.0,5225.0
2020-02-11,12108.0,5228.0
2020-02-12,12201.0,5218.0
2020-02-13,12175.0,5211.0
2020-02-14,12113.0,5198.0
2020-02-17,12046.0,5140.0
2020-02-18,11993.0,5114.0
2020-02-19,12126.0,5183.0
2020-02-20,12081.0,5204.0
2020-02-24,11829.0,5116.0
2020-02-25,11798.0,5102.0
2020-02-26,11679.0,5072.0
2020-02-27,11633.0,5023.0
2020-02-28,11202.0,4831.0
2020-03-02,11133.0,4775.0
2020-03-03,11303.0,4830.0
2020-03-04,11251.0,4755.0
2020-03-05,11269.0,4776.0
2020-03-06,10989.0,4666.0
2020-03-09,10451.0,4448.0
2020-03-11,10458.0,4436.0
2020-03-12,9590.0,4043.0
2020-03-13,9955.0,4071.0
2020-03-16,9197.0,3850.0
2020-03-17,8967.0,3760.0
2020-03-18,8469.0,3531.0
2020-03-19,8263.0,3346.0
2020-03-20,8745.0,3421.0
2020-03-23,7610.0,2996.0
2020-03-24,7801.0,2967.0
2020-03-25,8318.0,3042.0
2020-03-26,8641.0,3147.0
2020-03-27,8660.0,3175.0
2020-03-30,8281.0,3101.0
2020-03-31,8598.0,3202.0
2020-04-01,8254.0,3170.0
2020-04-03,8084.0,3135.0
2020-04-07,8792.0,3245.0
2020-04-08,8749.0,3300.0
2020-04-09,9112.0,3413.0
2020-04-13,8994.0,3398.0
2020-04-15,8925.0,3435.0
2020-04-16,8993.0,3504.0
2020-04-17,9267.0,3610.0
2020-04-20,9262.0,3633.0
2020-04-21,8981.0,3507.0
2020-04-22,9187.0,3524.0
2020-04-23,9314.0,3571.0
2020-04-24,9154.0,3504.0
2020-04-27,9282.0,3533.0
2020-04-28,9381.0,3559.0
2020-04-29,9553.0,3591.0
2020-04-30,9860.0,3616.0
2020-05-04,9294.0,3502.0
2020-05-05,9206.0,3459.0
2020-05-06,9271.0,3473.0
2020-05-07,9199.0,3480.0
2020-05-08,9252.0,3453.0
2020-05-11,9239.0,3440.0
2020-05-12,9197.0,3413.0
2020-05-13,9384.0,3491.0
2020-05-14,9143.0,3459.0
2020-05-15,9137.0,3461.0
2020-05-18,8823.0,3353.0
2020-05-19,8879.0,3353.0
2020-05-20,9067.0,3394.0
2020-05-21,9106.0,3416.0
2020-05-22,9039.0,3402.0
2020-05-26,9029.0,3423.0
2020-05-27,9315.0,3441.0
2020-05-28,9490.0,3498.0
2020-05-29,9580.0,3539.0
2020-06-01,9826.0,3652.0
2020-06-02,9979.0,3733.0
2020-06-03,10062.0,3781.0
2020-06-04,10029.0,3781.0
2020-06-05,10142.0,3888.0
2020-06-08,10167.0,3931.0
2020-06-09,10047.0,3889.0
2020-06-10,10116.0,3921.0
2020-06-11,9902.0,3877.0
2020-06-12,9973.0,3871.0
2020-06-15,9814.0,3885.0
2020-06-16,9914.0,3882.0
2020-06-17,9881.0,3905.0
2020-06-18,10092.0,3960.0
2020-06-19,10244.0,4027.0
2020-06-22,10311.0,4105.0
2020-06-23,10471.0,4169.0
2020-06-24,10305.0,4110.0
2020-06-25,10289.0,4126.0
2020-06-26,10383.0,4149.0
2020-06-29,10312.0,4098.0
2020-06-30,10302.0,4067.0
2020-07-01,10430.0,4095.0
2020-07-02,10552.0,4131.0
2020-07-03,10607.0,4142.0
2020-07-06,10764.0,4207.0
2020-07-07,10800.0,4237.0
2020-07-08,10706.0,4225.0
2020-07-09,10813.0,4260.0
2020-07-10,10768.0,4246.0
2020-07-13,10803.0,4246.0
2020-07-14,10607.0,4191.0
2020-07-15,10618.0,4188.0
2020-07-16,10740.0,4185.0
2020-07-17,10902.0,4240.0
2020-07-20,11022.0,4279.0
2020-07-21,11162.0,4295.0
2020-07-22,11133.0,4287.0
2020-07-23,11215.0,4318.0
2020-07-24,11194.0,4306.0
2020-07-27,11132.0,4269.0
2020-07-28,11301.0,4313.0
2020-07-29,11203.0,4317.0
2020-07-30,11102.0,4288.0
2020-07-31,11073.0,4320.0
2020-08-03,10892.0,4368.0
2020-08-04,11095.0,4433.0
2020-08-05,11102.0,4476.0
2020-08-06,11200.0,4506.0
2020-08-07,11214.0,4543.0
2020-08-10,11270.0,4614.0
2020-08-11,11323.0,4629.0
2020-08-12,11308.0,4645.0
2020-08-13,11300.0,4687.0
2020-08-14,11178.0,4651.0
2020-08-17,11247.0,4698.0
2020-08-18,11385.0,4759.0
2020-08-19,11408.0,4821.0
2020-08-20,11312.0,4845.0
2020-08-21,11372.0,4916.0
2020-08-24,11466.0,4991.0
2020-08-25,11472.0,5009.0
2020-08-26,11550.0,5059.0
2020-08-27,11559.0,5072.0
2020-08-28,11648.0,5061.0
2020-08-31,11388.0,4834.0
2020-09-01,11470.0,4844.0
2020-09-02,11535.0,4919.0
2020-09-03,11527.0,4949.0
2020-09-04,11334.0,4896.0
2020-09-07,11355.0,4902.0
2020-09-08,11317.0,4856.0
2020-09-09,11278.0,4788.0
2020-09-10,11449.0,4852.0
2020-09-11,11464.0,4861.0
2020-09-14,11440.0,5108.0
2020-09-15,11522.0,5174.0
2020-09-16,11605.0,5193.0
2020-09-17,11516.0,5163.0
2020-09-18,11505.0,5152.0
2020-09-21,11251.0,4957.0
2020-09-22,11154.0,4866.0
2020-09-23,11132.0,4866.0
2020-09-24,10806.0,4752.0
2020-09-25,11050.0,4874.0
2020-09-28,11228.0,5017.0
2020-09-29,11222.0,5005.0
2020-09-30,11248.0,5001.0
2020-10-01,11417.0,5040.0
2020-10-05,11503.0,5065.0
2020-10-06,11662.0,5092.0
2020-10-07,11739.0,5068.0
2020-10-08,11835.0,5053.0
2020-10-09,11914.0,5037.0
2020-10-12,11931.0,5003.0
2020-10-13,11935.0,4997.0
2020-10-14,11971.0,5000.0
2020-10-15,11680.0,4922.0
2020-10-16,11762.0,4988.0
2020-10-19,11873.0,5016.0
2020-10-20,11897.0,5029.0
2020-10-21,11938.0,5029.0
2020-10-22,11896.0,5068.0
2020-10-23,11930.0,5104.0
2020-10-26,11768.0,5049.0
2020-10-27,11889.0,5059.0
2020-10-28,11730.0,5017.0
2020-10-29,11671.0,4975.0
2020-10-30,11642.0,4977.0
2020-11-02,11669.0,4913.0
2020-11-03,11814.0,4925.0
2020-11-04,11909.0,4926.0
2020-11-05,12120.0,5007.0
2020-11-06,12264.0,5032.0
2020-11-09,12461.0,5052.0
2020-11-10,12631.0,5043.0
2020-11-11,12749.0,5071.0
2020-11-12,12691.0,5130.0
2020-11-13,12720.0,5178.0
2020-11-14,12780.0,5226.0
2020-11-17,12874.0,5252.0
2020-11-18,12938.0,5282.0
2020-11-19,12772.0,5282.0
2020-11-20,12859.0,5338.0
2020-11-23,12926.0,5427.0
2020-11-24,13055.0,5476.0
2020-11-25,12858.0,5424.0
2020-11-26,12987.0,5466.0
2020-11-27,12969.0,5604.0
2020-12-01,13109.0,5670.0
2020-12-02,13114.0,5686.0
2020-12-03,13134.0,5736.0
2020-12-04,13259.0,5765.0
2020-12-07,13356.0,5844.0
2020-12-08,13393.0,5829.0
2020-12-09,13529.0,5873.0
2020-12-10,13478.0,5836.0
2020-12-11,13514.0,5865.0
2020-12-14,13558.0,5913.0
2020-12-15,13568.0,5925.0
2020-12-16,13683.0,5982.0
2020-12-17,13741.0,5980.0
2020-12-18,13761.0,5958.0
2020-12-21,13328.0,5665.0
2020-12-22,13466.0,5719.0
2020-12-23,13601.0,5882.0
2020-12-24,13749.0,5927.0
2020-12-28,13873.0,6027.0
2020-12-29,13933.0,6027.0
2020-12-30,13982.0,6063.0
2020-12-31,13982.0,6076.0
2021-01-01,14019.0,6146.0
2021-01-04,14133.0,6227.0
2021-01-05,14200.0,6265.0
2021-01-06,14146.0,6249.0
2021-01-07,14137.0,6319.0
2021-01-08,14347.0,6364.0
2021-01-11,14485.0,6359.0
2021-01-12,14563.0,6377.0
2021-01-13,14565.0,6360.0
2021-01-14,14596.0,6388.0
2021-01-15,14434.0,6321.0
2021-01-18,14281.0,6204.0
2021-01-19,14521.0,6308.0
2021-01-20,14645.0,6334.0
2021-01-21,14590.0,6306.0
2021-01-22,14372.0,6263.0
2021-01-25,14239.0,6200.0
2021-01-27,13968.0,6186.0
2021-01-28,13818.0,6160.0
2021-01-29,13635.0,6140.0
2021-02-01,14281.0,6262.0
2021-02-02,14648.0,6340.0
2021-02-03,14790.0,6430.0
2021-02-04,14896.0,6518.0
2021-02-05,14924.0,6534.0
2021-02-08,15116.0,6633.0
2021-02-09,15109.0,6604.0
2021-02-10,15107.0,6631.0
2021-02-11,15173.0,6723.0
2021-02-12,15163.0,6714.0
2021-02-15,15315.0,6733.0
2021-02-16,15313.0,6748.0
2021-02-17,15209.0,6774.0
2021-02-18,15119.0,6832.0
2021-02-19,14982.0,6776.0
2021-02-22,14676.0,6710.0
2021-02-23,14708.0,6769.0
2021-02-24,14982.0,6856.0
2021-02-25,15097.0,6967.0
2021-02-26,14529.0,6893.0
2021-03-01,14762.0,7017.0
2021-03-02,14919.0,7103.0
2021-03-03,15246.0,7169.0
2021-03-04,15081.0,7239.0
2021-03-05,14938.0,7129.0
2021-03-08,14956.0,7173.0
2021-03-09,15098.0,7112.0
2021-03-10,15175.0,7188.0
2021-03-12,15031.0,7213.0
2021-03-15,14930.0,7160.0
2021-03-16,14910.0,7179.0
2021-03-17,14721.0,7019.0
2021-03-18,14558.0,6918.0
2021-03-19,14744.0,6949.0
2021-03-22,14736.0,6966.0
2021-03-23,14815.0,7015.0
2021-03-24,14549.0,6881.0
2021-03-25,14325.0,6750.0
2021-03-26,14507.0,6829.0
2021-03-30,14845.0,6916.0
2021-03-31,14691.0,6953.0
2021-04-01,14867.0,7089.0
2021-04-05,14638.0,6977.0
2021-04-06,14684.0,7052.0
2021-04-07,14819.0,7149.0
2021-04-08,14874.0,7225.0
2021-04-09,14835.0,7264.0
2021-04-12,14311.0,6872.0
2021-04-13,14505.0,6988.0
2021-04-15,14581.0,6965.0
2021-04-16,14618.0,7025.0
2021-04-19,14359.0,6884.0
2021-04-20,14296.0,6936.0
2021-04-22,14406.0,6987.0
2021-04-23,14341.0,7016.0
2021-04-26,14485.0,7092.0
2021-04-27,14653.0,7214.0
2021-04-28,14865.0,7271.0
2021-04-29,14895.0,7293.0
2021-04-30,14631.0,7271.0
2021-05-03,14634.0,7365.0
2021-05-04,14497.0,7318.0
2021-05-05,14618.0,7366.0
2021-05-06,14725.0,7422.0
2021-05-07,14823.0,7474.0
2021-05-10,14942.0,7588.0
2021-05-11,14851.0,7650.0
2021-05-12,14697.0,7597.0
2021-05-14,14678.0,7523.0
2021-05-17,14923.0,7620.0
2021-05-18,15108.0,7716.0
2021-05-19,15030.0,7760.0
2021-05-20,14906.0,7775.0
2021-05-21,15175.0,7834.0
2021-05-24,15198.0,7895.0
2021-05-25,15208.0,7907.0
2021-05-26,15301.0,7960.0
2021-05-27,15338.0,8013.0
2021-05-28,15436.0,7972.0
2021-05-31,15583.0,8005.0
2021-06-01,15575.0,7951.0
2021-06-02,15576.0,8049.0
2021-06-03,15690.0,8139.0
2021-06-04,15670.0,8181.0
2021-06-07,15752.0,8301.0
2021-06-08,15740.0,8343.0
2021-06-09,15635.0,8240.0
2021-06-10,15738.0,8373.0
2021-06-11,15799.0,8403.0
2021-06-14,15812.0,8363.0
2021-06-15,15869.0,8404.0
2021-06-16,15768.0,8353.0
2021-06-17,15691.0,8301.0
2021-06-18,15683.0,8241.0
2021-06-21,15747.0,8305.0
2021-06-22,15773.0,8379.0
2021-06-23,15687.0,8350.0
2021-06-24,15790.0,8333.0
2021-06-25,15860.0,8363.0
2021-06-28,15815.0,8407.0
2021-06-29,15748.0,8398.0
2021-06-30,15722.0,8452.0
2021-07-01,15680.0,8502.0
2021-07-02,15722.0,8581.0
2021-07-05,15834.0,8677.0
2021-07-06,15818.0,8632.0
2021-07-07,15880.0,8689.0
2021-07-08,15728.0,8685.0
2021-07-09,15690.0,8732.0
2021-07-12,15693.0,8827.0
2021-07-13,15812.0,8901.0
2021-07-14,15854.0,8917.0
2021-07-15,15924.0,8979.0
2021-07-16,15923.0,9057.0
2021-07-19,15752.0,9055.0
2021-07-20,15632.0,8905.0
2021-07-22,15824.0,9046.0
2021-07-23,15856.0,9026.0
2021-07-26,15824.0,9059.0
2021-07-27,15746.0,9052.0
2021-07-28,15709.0,9006.0
2021-07-29,15778.0,9087.0
2021-07-30,15763.0,9131.0
2021-08-02,15885.0,9206.0
2021-08-03,16131.0,9184.0
2021-08-04,16259.0,9081.0
2021-08-05,16295.0,9032.0
2021-08-06,16238.0,9044.0
2021-08-09,16258.0,8950.0
2021-08-10,16280.0,8718.0
2021-08-11,16282.0,8671.0
2021-08-12,16364.0,8869.0
2021-08-13,16529.0,8863.0
2021-08-16,16563.0,8786.0
2021-08-17,16615.0,8762.0
2021-08-18,16569.0,8725.0
2021-08-20,16451.0,8519.0
2021-08-23,16496.0,8350.0
2021-08-24,16625.0,8523.0
2021-08-25,16635.0,8588.0
2021-08-26,16637.0,8607.0
2021-08-27,16705.0,8674.0
2021-08-30,16931.0,8795.0
2021-08-31,17132.0,8855.0
2021-09-01,17076.0,8873.0
2021-09-02,17234.0,8958.0
2021-09-03,17324.0,9007.0
2021-09-06,17378.0,9079.0
2021-09-07,17362.0,9057.0
2021-09-08,17354.0,9113.0
2021-09-09,17369.0,9185.0
2021-09-13,17355.0,9253.0
2021-09-14,17380.0,9299.0
2021-09-15,17519.0,9362.0
2021-09-16,17630.0,9360.0
2021-09-17,17585.0,9293.0
2021-09-20,17397.0,9113.0
2021-09-21,17562.0,9117.0
2021-09-22,17547.0,9232.0
2021-09-23,17823.0,9311.0
2021-09-24,17853.0,9305.0
2021-09-27,17855.0,9320.0
2021-09-28,17749.0,9276.0
2021-09-29,17711.0,9301.0
2021-09-30,17618.0,9365.0
2021-10-01,17532.0,9392.0
2021-10-04,17691.0,9526.0
2021-10-05,17822.0,9578.0
2021-10-06,17646.0,9496.0
2021-10-07,17790.0,9608.0
2021-10-08,17895.0,9685.0
2021-10-11,17946.0,9789.0
2021-10-12,17992.0,9851.0
2021-10-13,18162.0,9879.0
2021-10-14,18339.0,9931.0
2021-10-18,18477.0,10014.0
2021-10-19,18419.0,9829.0
2021-10-20,18267.0,9627.0
2021-10-21,18178.0,9561.0
2021-10-22,18115.0,9457.0
2021-10-25,18125.0,9284.0
2021-10-26,18268.0,9509.0
2021-10-27,18211.0,9558.0
2021-10-28,17857.0,9408.0
2021-10-29,17672.0,9377.0
2021-11-01,17930.0,9475.0
2021-11-02,17889.0,9588.0
2021-11-03,17829.0,9556.0
2021-11-04,17917.0,9684.0
2021-11-08,18069.0,9760.0
2021-11-09,18044.0,9800.0
2021-11-10,18017.0,9796.0
2021-11-11,17874.0,9746.0
2021-11-12,18103.0,9779.0
2021-11-15,18109.0,9756.0
2021-11-16,17999.0,9784.0
2021-11-17,17899.0,9776.0
2021-11-18,17765.0,9621.0
2021-11-22,17417.0,9363.0
2021-11-23,17503.0,9542.0
2021-11-24,17415.0,9588.0
2021-11-25,17536.0,9670.0
2021-11-26,17026.0,9391.0
2021-11-29,17054.0,9154.0
2021-11-30,16983.0,9336.0
2021-12-01,17167.0,9364.0
2021-12-02,17402.0,9466.0
2021-12-03,17197.0,9519.0
2021-12-06,16912.0,9401.0
2021-12-07,17177.0,9517.0
2021-12-08,17470.0,9659.0
2021-12-09,17517.0,9747.0
2021-12-10,17511.0,9836.0
2021-12-13,17368.0,9838.0
2021-12-14,17325.0,9868.0
2021-12-15,17221.0,9834.0
2021-12-16,17248.0,9738.0
2021-12-17,16985.0,9516.0
2021-12-20,16614.0,9185.0
2021-12-21,16771.0,9300.0
2021-12-22,16955.0,9454.0
2021-12-23,17073.0,9528.0
2021-12-24,17004.0,9466.0
2021-12-27,17086.0,9503.0
2021-12-28,17233.0,9644.0
2021-12-29,17214.0,9712.0
2021-12-30,17204.0,9727.0
2021-12-31,17354.0,9840.0
2022-01-03,17626.0,9966.0
2022-01-04,17805.0,10018.0
2022-01-05,17925.0,10024.0
2022-01-06,17746.0,10035.0
2022-01-07,17813.0,10077.0
2022-01-10,18003.0,10218.0
2022-01-11,18056.0,10229.0
2022-01-12,18212.0,10292.0
2022-01-13,18258.0,10353.0
2022-01-14,18256.0,10424.0
2022-01-17,18308.0,10472.0
2022-01-18,18113.0,10258.0
2022-01-19,17938.0,10281.0
2022-01-20,17757.0,10269.0
2022-01-21,17617.0,10077.0
2022-01-24,17149.0,9612.0
2022-01-25,17278.0,9713.0
2022-01-27,17110.0,9669.0
2022-01-28,17102.0,9720.0
2022-01-31,17340.0,9813.0
2022-02-01,17577.0,9887.0
2022-02-02,17780.0,10051.0
2022-02-03,17560.0,10050.0
2022-02-04,17516.0,9991.0
2022-02-07,17214.0,9882.0
2022-02-08,17267.0,9733.0
2022-02-09,17464.0,9766.0
2022-02-10,17606.0,9781.0
2022-02-11,17375.0,9596.0
2022-02-14,16843.0,9188.0
2022-02-15,17352.0,9370.0
2022-02-16,17322.0,9441.0
2022-02-17,17305.0,9370.0
2022-02-18,17276.0,9294.0
2022-02-21,17207.0,9053.0
2022-02-22,17092.0,8878.0
2022-02-23,17063.0,8983.0
2022-02-24,16248.0,8455.0
2022-02-25,16658.0,8815.0
2022-02-28,16794.0,8888.0
2022-03-02,16606.0,8911.0
2022-03-03,16498.0,8945.0
2022-03-04,16245.0,8804.0
2022-03-07,15863.0,8599.0
2022-03-08,16013.0,8717.0
2022-03-09,16345.0,8900.0
2022-03-10,16595.0,9025.0
2022-03-11,16630.0,9106.0
2022-03-14,16871.0,9144.0
2022-03-15,16663.0,9068.0
2022-03-16,16975.0,9169.0
2022-03-17,17287.0,9277.0
2022-03-21,17118.0,9302.0
2022-03-22,17316.0,9330.0
2022-03-23,17246.0,9316.0
2022-03-24,17223.0,9348.0
2022-03-25,17153.0,9311.0
2022-03-28,17222.0,9256.0
2022-03-29,17325.0,9312.0
2022-03-30,17498.0,9397.0
2022-03-31,17465.0,9441.0
2022-04-01,17670.0,9620.0
2022-04-04,18053.0,9767.0
2022-04-05,17957.0,9860.0
2022-04-06,17808.0,9902.0
2022-04-07,17640.0,9859.0
2022-04-08,17784.0,9935.0
2022-04-11,17675.0,9967.0
2022-04-12,17530.0,9825.0
2022-04-13,17476.0,9858.0
2022-04-18,17174.0,9771.0
2022-04-19,16959.0,9621.0
2022-04-20,17137.0,9623.0
2022-04-21,17393.0,9745.0
2022-04-22,17172.0,9720.0
2022-04-25,16954.0,9526.0
2022-04-26,17201.0,9624.0
2022-04-27,17038.0,9569.0
2022-04-28,17245.0,9594.0
2022-04-29,17103.0,9493.0
2022-05-02,17069.0,9398.0
2022-05-04,16678.0,9183.0
2022-05-05,16683.0,9127.0
2022-05-06,16411.0,8919.0
2022-05-09,16302.0,8749.0
2022-05-10,16240.0,8569.0
2022-05-11,16167.0,8341.0
2022-05-12,15808.0,8202.0
2022-05-13,15782.0,8286.0
2022-05-16,15842.0,8397.0
2022-05-17,16259.0,8638.0
2022-05-18,16240.0,8667.0
2022-05-19,15809.0,8474.0
2022-05-20,16266.0,8655.0
2022-05-23,16215.0,8594.0
2022-05-24,16125.0,8489.0
2022-05-25,16026.0,8234.0
2022-05-26,16170.0,8312.0
2022-05-27,16352.0,8397.0
2022-05-30,16661.0,8586.0
2022-05-31,16585.0,8673.0
2022-06-01,16523.0,8731.0
2022-06-02,16628.0,8773.0
2022-06-03,16584.0,8696.0
2022-06-06,16570.0,8641.0
2022-06-07,16416.0,8593.0
2022-06-08,16356.0,8578.0
2022-06-09,16478.0,8582.0
2022-06-10,16202.0,8507.0
2022-06-13,15774.0,8206.0
2022-06-14,15732.0,8172.0
2022-06-15,15692.0,8218.0
2022-06-16,15361.0,7966.0
2022-06-17,15294.0,7903.0
2022-06-20,15350.0,7657.0
2022-06-21,15639.0,7893.0
2022-06-22,15413.0,7811.0
2022-06-23,15557.0,7900.0
2022-06-24,15699.0,8037.0
2022-06-27,15832.0,8166.0
2022-06-28,15850.0,8159.0
2022-06-29,15799.0,8115.0
2022-06-30,15780.0,8089.0
2022-07-01,15752.0,8106.0
2022-07-04,15835.0,8146.0
2022-07-05,15811.0,8167.0
2022-07-06,15990.0,8210.0
2022-07-07,16133.0,8317.0
2022-07-08,16221.0,8337.0
2022-07-11,16216.0,8423.0
2022-07-12,16058.0,8392.0
2022-07-13,15967.0,8410.0
2022-07-14,15939.0,8350.0
2022-07-15,16049.0,8389.0
2022-07-18,16279.0,8512.0
2022-07-19,16341.0,8583.0
2022-07-20,16521.0,8635.0
2022-07-21,16605.0,8704.0
2022-07-22,16719.0,8728.0
2022-07-25,16631.0,8692.0
2022-07-26,16484.0,8603.0
2022-07-27,16642.0,8602.0
2022-07-28,16930.0,8668.0
2022-07-29,17158.0,8791.0
2022-08-01,17340.0,8935.0
2022-08-02,17345.0,8990.0
2022-08-03,17388.0,8955.0
2022-08-04,17382.0,8930.0
2022-08-05,17398.0,8922.0
2022-08-08,17525.0,8944.0
2022-08-10,17535.0,8919.0
2022-08-11,17659.0,8973.0
2022-08-12,17698.0,8993.0
2022-08-16,17825.0,9071.0
2022-08-17,17944.0,9115.0
2022-08-18,17957.0,9140.0
2022-08-19,17758.0,9042.0
2022-08-22,17491.0,8960.0
2022-08-23,17578.0,9051.0
2022-08-24,17605.0,9130.0
2022-08-25,17522.0,9161.0
2022-08-26,17559.0,9227.0
2022-08-29,17313.0,9172.0
2022-08-30,17759.0,9286.0
2022-09-01,17543.0,9314.0
2022-09-02,17539.0,9334.0
2022-09-05,17666.0,9427.0
2022-09-06,17656.0,9457.0
2022-09-07,17624.0,9534.0
2022-09-08,17799.0,9601.0
2022-09-09,17833.0,9582.0
2022-09-12,17936.0,9672.0
2022-09-13,18070.0,9683.0
2022-09-14,18004.0,9692.0
2022-09-15,17877.0,9690.0
2022-09-16,17531.0,9468.0
2022-09-19,17622.0,9398.0
2022-09-20,17816.0,9506.0
2022-09-21,17718.0,9447.0
2022-09-22,17630.0,9500.0
2022-09-23,17327.0,9312.0
2022-09-26,17016.0,9001.0
2022-09-27,17007.0,9049.0
2022-09-28,16859.0,9009.0
2022-09-29,16818.0,9060.0
2022-09-30,17094.0,9199.0
2022-10-03,16887.0,9164.0
2022-10-04,17274.0,9285.0
2022-10-06,17332.0,9387.0
2022-10-07,17315.0,9417.0
2022-10-10,17241.0,9366.0
2022-10-11,16984.0,9221.0
2022-10-12,17124.0,9261.0
2022-10-13,17014.0,9212.0
2022-10-14,17186.0,9216.0
2022-10-17,17312.0,9239.0
2022-10-18,17487.0,9314.0
2022-10-19,17512.0,9316.0
2022-10-20,17564.0,9327.0
2022-10-21,17576.0,9287.0
2022-10-24,17731.0,9374.0
2022-10-25,17656.0,9357.0
2022-10-27,17737.0,9394.0
2022-10-28,17787.0,9337.0
2022-10-31,18012.0,9372.0
2022-11-01,18145.0,9385.0
2022-11-02,18083.0,9387.0
2022-11-03,18053.0,9399.0
2022-11-04,18117.0,9442.0
2022-11-07,18203.0,9513.0
2022-11-09,18157.0,9476.0
2022-11-10,18028.0,9360.0
2022-11-11,18350.0,9391.0
2022-11-14,18329.0,9434.0
2022-11-15,18403.0,9439.0
2022-11-16,18410.0,9408.0
2022-11-17,18344.0,9396.0
2022-11-18,18308.0,9354.0
2022-11-21,18160.0,9364.0
2022-11-22,18244.0,9355.0
2022-11-23,18267.0,9410.0
2022-11-24,18484.0,9461.0
2022-11-25,18513.0,9535.0
2022-11-28,18563.0,9637.0
2022-11-29,18618.0,9602.0
2022-11-30,18758.0,9651.0
2022-12-01,18813.0,9694.0
2022-12-02,18696.0,9758.0
2022-12-05,18701.0,9791.0
2022-12-06,18643.0,9768.0
2022-12-07,18561.0,9730.0
2022-12-08,18609.0,9783.0
2022-12-09,18497.0,9682.0
2022-12-12,18497.0,9733.0
2022-12-13,18608.0,9789.0
2022-12-14,18660.0,9853.0
2022-12-15,18415.0,9810.0
2022-12-16,18269.0,9732.0
2022-12-19,18420.0,9761.0
2022-12-20,18385.0,9741.0
2022-12-21,18199.0,9540.0
2022-12-22,18127.0,9374.0
2022-12-23,17807.0,8963.0
2022-12-26,18015.0,9263.0
2022-12-27,18132.0,9377.0
2022-12-28,18123.0,9397.0
2022-12-29,18191.0,9408.0
2022-12-30,18105.0,9481.0
2023-01-02,18197.0,9553.0
2023-01-03,18233.0,9567.0
2023-01-04,18043.0,9481.0
2023-01-05,17992.0,9480.0
2023-01-06,17859.0,9407.0
2023-01-09,18101.0,9444.0
2023-01-10,17914.0,9398.0
2023-01-11,17896.0,9403.0
2023-01-12,17858.0,9409.0
2023-01-13,17957.0,9436.0
2023-01-16,17895.0,9431.0
2023-01-17,18053.0,9418.0
2023-01-18,18165.0,9424.0
2023-01-19,18108.0,9397.0
2023-01-20,18028.0,9345.0
2023-01-23,18119.0,9332.0
2023-01-24,18118.0,9294.0
2023-01-25,17892.0,9212.0
2023-01-27,17604.0,9044.0
2023-01-30,17649.0,9025.0
2023-01-31,17662.0,9262.0
2023-02-01,17616.0,9156.0
2023-02-02,17610.0,9196.0
2023-02-03,17854.0,9162.0
2023-02-06,17765.0,9185.0
2023-02-07,17722.0,9151.0
2023-02-08,17872.0,9222.0
2023-02-09,17893.0,9199.0
2023-02-10,17857.0,9244.0
2023-02-13,17771.0,9134.0
2023-02-14,17930.0,9085.0
2023-02-15,18016.0,9121.0
2023-02-16,18036.0,9194.0
2023-02-17,17944.0,9162.0
2023-02-20,17845.0,9133.0
2023-02-21,17827.0,9101.0
2023-02-22,17554.0,8998.0
2023-02-23,17511.0,9015.0
2023-02-24,17466.0,8999.0
2023-02-27,17393.0,8893.0
2023-02-28,17304.0,8924.0
2023-03-01,17451.0,9035.0
2023-03-02,17322.0,9027.0
2023-03-03,17594.0,9091.0
2023-03-06,17711.0,9184.0
2023-03-08,17754.0,9209.0
2023-03-09,17590.0,9178.0
2023-03-10,17413.0,9112.0
2023-03-13,17154.0,8923.0
2023-03-14,17043.0,8843.0
2023-03-15,16972.0,8859.0
2023-03-16,16986.0,8797.0
2023-03-17,17100.0,8856.0
2023-03-20,16988.0,8780.0
2023-03-21,17108.0,8820.0
2023-03-22,17152.0,8869.0
2023-03-23,17077.0,8842.0
2023-03-24,16945.0,8708.0
2023-03-27,16986.0,8578.0
2023-03-28,16952.0,8510.0
2023-03-29,17081.0,8655.0
2023-03-31,17360.0,8788.0
2023-04-03,17398.0,8857.0
2023-04-05,17557.0,8917.0
2023-04-06,17599.0,8983.0
2023-04-10,17624.0,8999.0
2023-04-11,17722.0,9040.0
2023-04-12,17812.0,9075.0
2023-04-13,17828.0,9103.0
2023-04-17,17707.0,9117.0
2023-04-18,17660.0,9123.0
2023-04-19,17619.0,9123.0
2023-04-20,17624.0,9148.0
2023-04-21,17624.0,9131.0
2023-04-24,17743.0,9174.0
2023-04-25,17769.0,9205.0
2023-04-26,17814.0,9256.0
2023-04-27,17915.0,9301.0
2023-04-28,18065.0,9393.0
2023-05-02,18148.0,9453.0
2023-05-03,18090.0,9466.0
2023-05-04,18256.0,9547.0
2023-05-05,18069.0,9494.0
2023-05-08,18264.0,9564.0
2023-05-09,18266.0,9524.0
2023-05-10,18315.0,9572.0
2023-05-11,18297.0,9641.0
2023-05-12,18315.0,9603.0
2023-05-15,18399.0,9673.0
2023-05-16,18287.0,9677.0
2023-05-17,18182.0,9718.0
2023-05-18,18130.0,9679.0
2023-05-19,18203.0,9675.0
2023-05-22,18314.0,9714.0
2023-05-23,18348.0,9725.0
2023-05-24,18285.0,9730.0
2023-05-25,18321.0,9759.0
2023-05-26,18499.0,9804.0
2023-05-29,18599.0,9832.0
2023-05-30,18634.0,9837.0
2023-05-31,18534.0,9913.0
2023-06-01,18488.0,9995.0
2023-06-02,18534.0,10043.0
2023-06-05,18594.0,10071.0
2023-06-06,18599.0,10126.0
2023-06-07,18726.0,10239.0
2023-06-08,18635.0,10171.0
2023-06-09,18563.0,10164.0
2023-06-12,18602.0,10230.0
2023-06-13,18716.0,10305.0
2023-06-14,18756.0,10334.0
2023-06-15,18688.0,10367.0
2023-06-16,18826.0,10450.0
2023-06-19,18755.0,10483.0
2023-06-20,18817.0,10525.0
2023-06-21,18857.0,10532.0
2023-06-22,18771.0,10454.0
2023-06-23,18666.0,10345.0
2023-06-26,18691.0,10416.0
2023-06-27,18817.0,10474.0
2023-06-28,18972.0,10493.0
2023-06-30,19189.0,10544.0
2023-07-03,19323.0,10638.0
2023-07-04,19389.0,10652.0
2023-07-05,19399.0,10719.0
2023-07-06,19497.0,10809.0
2023-07-07,19332.0,10777.0
2023-07-10,19356.0,10742.0
2023-07-11,19439.0,10844.0
2023-07-12,19384.0,10897.0
2023-07-13,19414.0,10820.0
2023-07-14,19565.0,10963.0
2023-07-17,19711.0,11049.0
2023-07-18,19749.0,10969.0
2023-07-19,19833.0,11049.0
2023-07-20,19979.0,11079.0
2023-07-21,19745.0,11111.0
2023-07-24,19672.0,11137.0
2023-07-25,19681.0,11142.0
2023-07-26,19778.0,11179.0
2023-07-27,19660.0,11194.0
2023-07-28,19646.0,11239.0
2023-07-31,19754.0,11355.0
2023-08-01,19734.0,11378.0
2023-08-02,19527.0,11232.0
2023-08-03,19382.0,11248.0
2023-08-04,19517.0,11318.0
2023-08-07,19597.0,11353.0
2023-08-08,19571.0,11372.0
2023-08-09,19633.0,11436.0
2023-08-10,19543.0,11407.0
2023-08-11,19428.0,11377.0
2023-08-14,19435.0,11303.0
2023-08-16,19465.0,11350.0
2023-08-17,19365.0,11371.0
2023-08-18,19310.0,11338.0
2023-08-21,19394.0,11433.0
2023-08-22,19396.0,11510.0
2023-08-23,19444.0,11592.0
2023-08-24,19387.0,11577.0
2023-08-25,19266.0,11549.0
2023-08-28,19306.0,11627.0
2023-08-29,19343.0,11705.0
2023-08-30,19347.0,11808.0
2023-08-31,19254.0,11931.0
2023-09-01,19435.0,12017.0
2023-09-04,19529.0,12140.0
2023-09-05,19575.0,12216.0
2023-09-06,19611.0,12223.0
2023-09-07,19727.0,12292.0
2023-09-08,19820.0,12367.0
2023-09-11,19996.0,12488.0
2023-09-12,19993.0,12003.0
2023-09-13,20070.0,12121.0
2023-09-14,20103.0,12270.0
2023-09-15,20192.0,12302.0
2023-09-18,20133.0,12241.0
2023-09-20,19901.0,12172.0
2023-09-21,19742.0,12037.0
2023-09-22,19674.0,12038.0
2023-09-25,19675.0,12049.0
2023-09-26,19665.0,12101.0
2023-09-27,19716.0,12188.0
2023-09-28,19524.0,12150.0
2023-09-29,19638.0,12230.0
2023-10-03,19529.0,12308.0
2023-10-04,19436.0,12169.0
2023-10-05,19546.0,12239.0
2023-10-06,19654.0,12317.0
2023-10-09,19512.0,12116.0
2023-10-10,19690.0,12252.0
2023-10-11,19811.0,12337.0
2023-10-12,19794.0,12425.0
2023-10-13,19751.0,12407.0
2023-10-16,19732.0,12447.0
2023-10-17,19812.0,12530.0
2023-10-18,19671.0,12482.0
2023-10-19,19625.0,12501.0
2023-10-20,19543.0,12400.0
2023-10-23,19282.0,11930.0
2023-10-25,19122.0,11854.0
2023-10-26,18857.0,11797.0
2023-10-27,19047.0,12025.0
2023-10-30,19141.0,12034.0
2023-10-31,19080.0,12024.0
2023-11-01,18989.0,12001.0
2023-11-02,19133.0,12130.0
2023-11-03,19231.0,12254.0
2023-11-06,19412.0,12384.0
2023-11-07,19407.0,12456.0
2023-11-08,19444.0,12531.0
2023-11-09,19395.0,12494.0
2023-11-10,19425.0,12547.0
2023-11-12,19526.0,12706.0
2023-11-13,19444.0,12737.0
2023-11-15,19675.0,12878.0
2023-11-16,19765.0,12934.0
2023-11-17,19732.0,12977.0
2023-11-20,19694.0,12982.0
2023-11-21,19783.0,13007.0
2023-11-22,19812.0,12896.0
2023-11-23,19802.0,12962.0
2023-11-24,19795.0,12985.0
2023-11-28,19890.0,13014.0
2023-11-29,20097.0,13112.0
2023-11-30,20133.0,13252.0
2023-12-01,20268.0,13327.0
2023-12-04,20687.0,13489.0
2023-12-05,20855.0,13509.0
2023-12-06,20938.0,13545.0
2023-12-07,20901.0,13586.0
2023-12-08,20969.0,13471.0
2023-12-11,20997.0,13546.0
2023-12-12,20906.0,13530.0
2023-12-13,20926.0,13617.0
2023-12-14,21183.0,13723.0
2023-12-15,21457.0,13820.0
2023-12-18,21419.0,13878.0
2023-12-19,21453.0,13889.0
2023-12-20,21150.0,13425.0
2023-12-21,21255.0,13653.0
2023-12-22,21349.0,13792.0
2023-12-26,21441.0,13833.0
2023-12-27,21655.0,13874.0
2023-12-28,21779.0,13957.0
2023-12-29,21731.0,14041.0
2024-01-01,21742.0,14130.0
2024-01-02,21666.0,14124.0
2024-01-03,21517.0,14141.0
2024-01-04,21659.0,14286.0
2024-01-05,21711.0,14382.0
2024-01-08,21513.0,14298.0
2024-01-09,21545.0,14351.0
2024-01-10,21619.0,14380.0
2024-01-11,21647.0,14499.0
2024-01-12,21895.0,14553.0
2024-01-15,22097.0,14589.0
2024-01-16,22032.0,14549.0
2024-01-17,21572.0,14397.0
2024-01-18,21462.0,14395.0
2024-01-19,21622.0,14549.0
2024-01-20,21572.0,14614.0
2024-01-23,21239.0,14217.0
2024-01-24,21454.0,14467.0
2024-01-25,21353.0,14544.0
2024-01-29,21738.0,14730.0
2024-01-30,21522.0,14750.0
2024-01-31,21726.0,15064.0
2024-02-01,21697.0,15084.0
2024-02-02,21854.0,15176.0
2024-02-05,21772.0,15168.0
2024-02-06,21929.0,15310.0
2024-02-07,21931.0,15390.0
2024-02-08,21718.0,15323.0
2024-02-09,21783.0,15128.0
2024-02-12,21616.0,14589.0
2024-02-13,21743.0,14641.0
2024-02-14,21840.0,14829.0
2024-02-15,21911.0,15002.0
2024-02-16,22041.0,15099.0
2024-02-19,22122.0,15171.0
2024-02-20,22197.0,15111.0
2024-02-21,22055.0,14992.0
2024-02-22,22217.0,15084.0
2024-02-23,22213.0,15170.0
2024-02-26,22122.0,15143.0
2024-02-27,22198.0,15182.0
2024-02-28,21951.0,14895.0
2024-02-29,21983.0,14965.0
2024-03-01,22339.0,15061.0
2024-03-02,22378.0,15168.0
2024-03-04,22406.0,15077.0
2024-03-05,22356.0,14980.0
2024-03-06,22474.0,14684.0
2024-03-07,22494.0,14803.0
2024-03-11,22333.0,14507.0
2024-03-12,22336.0,14209.0
2024-03-13,21998.0,13473.0
2024-03-14,22147.0,13893.0
2024-03-15,22023.0,13922.0
2024-03-18,22056.0,13882.0
2024-03-19,21817.0,13718.0
2024-03-20,21839.0,13734.0
2024-03-21,22012.0,14047.0
2024-03-22,22097.0,14161.0
2024-03-26,22005.0,14168.0
2024-03-27,22124.0,14284.0
2024-03-28,22327.0,14331.0
2024-04-01,22462.0,14762.0
2024-04-02,22453.0,14908.0
2024-04-03,22435.0,15065.0
2024-04-04,22515.0,15159.0
2024-04-05,22514.0,15248.0
2024-04-08,22666.0,15287.0
2024-04-09,22643.0,15293.0
2024-04-10,22754.0,15385.0
2024-04-12,22519.0,15322.0
2024-04-15,22273.0,15087.0
2024-04-16,22148.0,15184.0
2024-04-18,21996.0,15181.0
2024-04-19,22147.0,15162.0
2024-04-22,22336.0,15338.0
2024-04-23,22368.0,15486.0
2024-04-24,22402.0,15609.0
2024-04-25,22570.0,15739.0
2024-04-26,22420.0,15815.0
2024-04-29,22643.0,15825.0
2024-04-30,22605.0,15833.0
2024-05-02,22648.0,15848.0
2024-05-03,22476.0,15793.0
2024-05-06,22443.0,15617.0
2024-05-07,22303.0,15339.0
2024-05-08,22303.0,15415.0
2024-05-09,21958.0,15006.0
2024-05-10,22055.0,15105.0
2024-05-13,22104.0,15051.0
2024-05-14,22218.0,15315.0
2024-05-15,22201.0,15431.0
2024-05-16,22404.0,15546.0
2024-05-17,22466.0,15793.0
2024-05-18,22502.0,15936.0
2024-05-21,22529.0,15868.0
2024-05-22,22598.0,15847.0
2024-05-23,22968.0,15886.0
2024-05-24,22957.0,15866.0
2024-05-27,22932.0,15936.0
2024-05-28,22888.0,15773.0
2024-05-29,22705.0,15786.0
2024-05-30,22489.0,15552.0
2024-05-31,22531.0,15627.0
2024-06-03,23264.0,15949.0
2024-06-04,21885.0,14761.0
2024-06-05,22620.0,15250.0
2024-06-06,22821.0,15746.0
2024-06-07,23290.0,16100.0
2024-06-10,23259.0,16313.0
2024-06-11,23265.0,16414.0
2024-06-12,23323.0,16568.0
2024-06-13,23399.0,16702.0
2024-06-14,23466.0,16846.0
2024-06-18,23558.0,17008.0
2024-06-19,23516.0,16943.0
2024-06-20,23567.0,17054.0
2024-06-21,23501.0,17047.0
2024-06-24,23538.0,17048.0
2024-06-25,23721.0,17060.0
2024-06-26,23869.0,17096.0
2024-06-27,24045.0,17000.0
2024-06-28,24011.0,17111.0
2024-07-01,24142.0,17368.0
2024-07-02,24124.0,17339.0
2024-07-03,24287.0,17495.0
2024-07-04,24302.0,17592.0
2024-07-05,24324.0,17712.0
2024-07-08,24321.0,17666.0
2024-07-09,24433.0,17708.0
2024-07-10,24324.0,17586.0
2024-07-11,24316.0,17692.0
2024-07-12,24502.0,17679.0
2024-07-15,24587.0,17743.0
2024-07-16,24613.0,17775.0
2024-07-18,24801.0,17578.0
2024-07-19,24531.0,17163.0
2024-07-22,24509.0,17317.0
2024-07-23,24479.0,17212.0
2024-07-24,24414.0,17533.0
2024-07-25,24406.0,17484.0
2024-07-26,24835.0,17647.0
2024-07-29,24836.0,17837.0
2024-07-30,24857.0,17983.0
2024-07-31,24951.0,17948.0
2024-08-01,25011.0,17825.0
2024-08-02,24718.0,17678.0
2024-08-05,24056.0,16938.0
2024-08-06,23993.0,16872.0
2024-08-07,24298.0,17275.0
2024-08-08,24117.0,17226.0
2024-08-09,24368.0,17336.0
2024-08-12,24347.0,17392.0
2024-08-13,24139.0,17177.0
2024-08-14,24144.0,17080.0
2024-08-16,24541.0,17371.0
2024-08-19,24573.0,17637.0
2024-08-20,24699.0,17733.0
2024-08-21,24770.0,17928.0
2024-08-22,24812.0,17984.0
2024-08-23,24823.0,18007.0
2024-08-26,25011.0,18081.0
2024-08-27,25018.0,18220.0
2024-08-28,25052.0,18180.0
2024-08-29,25152.0,18077.0
2024-08-30,25236.0,18170.0
2024-09-02,25279.0,18158.0
2024-09-03,25280.0,18264.0
2024-09-04,25199.0,18321.0
2024-09-05,25145.0,18495.0
2024-09-06,24852.0,18308.0
2024-09-09,24936.0,18156.0
2024-09-10,25041.0,18383.0
2024-09-11,24918.0,18239.0
2024-09-12,25389.0,18382.0
2024-09-13,25357.0,18543.0
2024-09-16,25384.0,18573.0
2024-09-17,25419.0,18538.0
2024-09-18,25378.0,18476.0
2024-09-19,25416.0,18270.0
2024-09-20,25791.0,18465.0
2024-09-23,25939.0,18623.0
2024-09-24,25940.0,18583.0
2024-09-25,26004.0,18518.0
2024-09-26,26216.0,18435.0
2024-09-27,26179.0,18400.0
2024-09-30,25811.0,18411.0
2024-10-01,25797.0,18532.0
2024-10-03,25250.0,18179.0
2024-10-04,25015.0,18022.0
2024-10-07,24796.0,17515.0
2024-10-08,25013.0,17883.0
2024-10-09,24982.0,18104.0
2024-10-10,24998.0,18127.0
2024-10-11,24964.0,18213.0
2024-10-14,25128.0,18265.0
2024-10-15,25057.0,18468.0
2024-10-16,24971.0,18506.0
2024-10-17,24750.0,18244.0
2024-10-18,24854.0,18237.0
2024-10-21,24781.0,17936.0
2024-10-22,24472.0,17276.0
2024-10-23,24436.0,17456.0
2024-10-24,24399.0,17352.0
2024-10-25,24181.0,16956.0
2024-10-28,24339.0,17152.0
2024-10-29,24467.0,17278.0
2024-10-30,24341.0,17483.0
2024-10-31,24205.0,17751.0
2024-11-01,24304.0,17939.0
2024-11-04,23995.0,17610.0
2024-11-05,24213.0,17695.0
2024-11-06,24484.0,18027.0
2024-11-07,24199.0,17915.0
2024-11-08,24148.0,17634.0
2024-11-11,24141.0,17424.0
2024-11-12,23883.0,17196.0
2024-11-13,23559.0,16670.0
2024-11-14,23533.0,16802.0
2024-11-18,23454.0,16693.0
2024-11-19,23519.0,16845.0
2024-11-21,23350.0,16748.0
2024-11-22,23907.0,16912.0
2024-11-25,24222.0,17270.0
2024-11-26,24195.0,17376.0
2024-11-27,24275.0,17553.0
2024-11-28,23914.0,17578.0
2024-11-29,24131.0,17716.0
2024-12-02,24276.0,17840.0
2024-12-03,24457.0,18008.0
2024-12-04,24467.0,18144.0
2024-12-05,24708.0,18230.0
2024-12-06,24678.0,18329.0
2024-12-09,24619.0,18396.0
2024-12-10,24610.0,18451.0
2024-12-11,24642.0,18503.0
2024-12-12,24549.0,18330.0
2024-12-13,24768.0,18264.0
2024-12-16,24668.0,18344.0
2024-12-17,24336.0,18242.0
2024-12-18,24199.0,18119.0
2024-12-19,23952.0,18057.0
2024-12-20,23588.0,17694.0
2024-12-23,23753.0,17618.0
2024-12-24,23728.0,17672.0
2024-12-26,23750.0,17667.0
2024-12-27,23813.0,17715.0
2024-12-30,23645.0,17638.0
2024-12-31,23645.0,17752.0
2025-01-01,23743.0,17909.0
2025-01-02,24189.0,18008.0
2025-01-03,24005.0,17973.0
2025-01-06,23616.0,17456.0
2025-01-07,23708.0,17703.0
2025-01-08,23689.0,17458.0
2025-01-09,23527.0,17254.0
2025-01-10,23432.0,16833.0
2025-01-13,23086.0,16160.0
2025-01-14,23176.0,16423.0
2025-01-15,23213.0,16509.0
2025-01-16,23312.0,16708.0
2025-01-17,23203.0,16701.0
2025-01-20,23345.0,16841.0
2025-01-21,23025.0,16484.0
2025-01-22,23155.0,16221.0
2025-01-23,23205.0,16353.0
2025-01-24,23092.0,16002.0
2025-01-27,22829.0,15416.0
2025-01-28,22957.0,15135.0
2025-01-29,23163.0,15613.0
2025-01-30,23250.0,15586.0
2025-01-31,23508.0,15851.0
2025-02-01,23482.0,15955.0
2025-02-03,23361.0,15678.0
2025-02-04,23739.0,15856.0
2025-02-05,23696.0,16104.0
2025-02-06,23603.0,16099.0
2025-02-07,23560.0,16036.0
2025-02-10,23382.0,15694.0
2025-02-11,23072.0,15157.0
2025-02-12,23045.0,15051.0
2025-02-13,23031.0,14998.0
2025-02-14,22929.0,14502.0
2025-02-17,22960.0,14468.0
2025-02-18,22945.0,14268.0
2025-02-19,22933.0,14589.0
2025-02-20,22913.0,14767.0
2025-02-21,22796.0,14683.0
2025-02-24,22553.0,14506.0
2025-02-25,22548.0,14442.0
2025-02-27,22545.0,14200.0
2025-02-28,22125.0,13845.0
2025-03-03,22119.0,13756.0
2025-03-04,22083.0,13914.0
2025-03-05,22337.0,14291.0
2025-03-06,22545.0,14503.0
2025-03-07,22553.0,14603.0
2025-03-10,22460.0,14325.0
2025-03-11,22498.0,14232.0
2025-03-12,22471.0,14194.0
2025-03-13,22397.0,14096.0
2025-03-17,22509.0,14142.0
2025-03-18,22834.0,14518.0
2025-03-19,22908.0,14807.0
2025-03-20,23191.0,14922.0
2025-03-21,23350.0,15242.0
2025-03-24,23658.0,15392.0
2025-03-25,23669.0,15184.0
2025-03-26,23487.0,14970.0
2025-03-27,23592.0,15112.0
2025-03-28,23519.0,15104.0
2025-04-01,23166.0,15030.0
2025-04-02,23332.0,15180.0
2025-04-03,23250.0,15285.0
2025-04-04,22904.0,14781.0
2025-04-07,22162.0,14190.0
2025-04-08,22536.0,14498.0
2025-04-09,22399.0,14346.0
2025-04-11,22829.0,14786.0
2025-04-15,23329.0,15238.0
2025-04-16,23437.0,15382.0
2025-04-17,23852.0,15452.0
2025-04-21,24126.0,15752.0
2025-04-22,24167.0,15878.0
2025-04-23,24329.0,15923.0
2025-04-24,24247.0,15915.0
2025-04-25,24039.0,15524.0
2025-04-28,24329.0,15607.0
2025-04-29,24336.0,15640.0
2025-04-30,24334.0,15359.0
2025-05-02,24347.0,15354.0
2025-05-05,24461.0,15528.0
2025-05-06,24380.0,15181.0
2025-05-07,24414.0,15363.0
2025-05-08,24274.0,15180.0
2025-05-09,24008.0,15080.0
2025-05-12,24925.0,15684.0
2025-05-13,24578.0,15815.0
2025-05-14,24667.0,16038.0
2025-05-15,25062.0,16159.0
2025-05-16,25020.0,16406.0
2025-05-19,24945.0,16517.0
2025-05-20,24684.0,16369.0
2025-05-21,24813.0,16437.0
2025-05-22,24610.0,16436.0
2025-05-23,24853.0,16533.0
2025-05-26,25001.0,16619.0
2025-05-27,24826.0,16638.0
2025-05-28,24752.0,16706.0
2025-05-29,24834.0,16780.0
2025-05-30,24751.0,16833.0
2025-06-02,24717.0,16954.0
2025-06-03,24543.0,16971.0
2025-06-04,24620.0,17061.0
2025-06-05,24751.0,17173.0
2025-06-06,25003.0,17286.0
2025-06-09,25103.0,17515.0
2025-06-10,25104.0,17544.0
2025-06-11,25141.0,17529.0
2025-06-12,24888.0,17277.0
2025-06-13,24719.0,17210.0
2025-06-16,24947.0,17296.0
2025-06-17,24853.0,17177.0
2025-06-18,24812.0,17144.0
2025-06-19,24793.0,16813.0
2025-06-20,25112.0,16917.0
2025-06-23,24972.0,17048.0
2025-06-24,25044.0,17180.0
2025-06-25,25245.0,17456.0
2025-06-26,25549.0,17501.0
2025-06-27,25638.0,17642.0
2025-06-30,25517.0,17798.0
2025-07-01,25541.8,16602.17
2025-07-02,25453.4,16544.71
2025-07-03,25405.3,16513.45
2025-07-04,25461.0,16549.65
2025-07-07,25461.3,16549.85
2025-07-08,25522.5,16589.62
2025-07-09,25476.1,16559.46
2025-07-10,25355.25,16480.91
2025-07-11,25149.85,16347.4
2025-07-14,25082.3,16303.5
2025-07-15,25195.8,16377.27
2025-07-16,25212.05,16387.83
2025-07-17,25111.45,16322.44
2025-07-18,24968.4,16229.46
2025-07-21,25090.7,16308.95
2025-07-22,25060.9,16289.59
2025-07-23,25219.9,16392.94
2025-07-24,25062.1,16290.36
2025-07-25,24837.0,16144.05
2025-07-28,24680.9,16042.59
2025-07-29,24821.1,16133.71
2025-07-30,24855.05,16155.78
2025-07-31,24768.35,16099.43
2025-08-01,24565.35,15967.48
2025-08-04,24722.75,16069.79
2025-08-05,24649.55,16022.21
2025-08-06,24574.2,15973.23
2025-08-07,24596.15,15987.5
2025-08-08,24363.3,15836.15
2025-08-11,24585.05,15980.28
2025-08-12,24487.4,15916.81
2025-08-13,24619.35,16002.58
2025-08-14,24631.3,16010.35
2025-08-18,24876.95,16170.02
2025-08-19,24980.65,16237.42
2025-08-20,25050.55,16282.86
2025-08-21,25083.75,16304.44
2025-08-22,24870.1,16165.56
2025-08-25,24967.75,16229.04
2025-08-26,24712.05,16062.83
2025-08-28,24500.9,15925.59
2025-08-29,24426.85,15877.45
2025-09-01,24625.05,16006.28
2025-09-02,24579.6,15976.74
2025-09-03,24715.05,16064.78
2025-09-04,24734.3,16077.3
2025-09-05,24741.0,16081.65
2025-09-08,24773.15,16102.55
2025-09-09,24868.6,16164.59
2025-09-10,24973.1,16232.51
2025-09-11,25005.5,16253.58
2025-09-12,25114.0,16324.1
2025-09-15,25069.2,16294.98
2025-09-16,25239.1,16405.41
2025-09-17,25330.25,16464.66
2025-09-18,25423.6,16525.34
2025-09-19,25327.05,16462.58
2025-09-22,25202.35,16381.53
2025-09-23,25169.5,16360.18
2025-09-24,25056.9,16286.99
2025-09-25,24890.85,16179.05
2025-09-26,24654.7,16025.55
2025-09-29,24634.9,16012.69
2025-09-30,24611.1,15997.21
2025-10-01,24836.3,16143.6
2025-10-03,24894.25,16181.26
2025-10-06,25077.65,16300.47
2025-10-07,25108.3,16320.4
2025-10-08,25046.15,16280.0
2025-10-09,25181.8,16368.17
2025-10-10,25285.35,16435.48
2025-10-13,25227.35,16397.78
2025-10-14,25145.5,16344.58
2025-10-15,25323.55,16460.31
2025-10-16,25585.3,16630.45
2025-10-17,25709.85,16711.4
2025-10-20,25843.15,16798.05
2025-10-21,25868.6,16814.59
2025-10-23,25891.4,16829.41
2025-10-24,25795.15,16766.85
2025-10-27,25966.05,16877.93
2025-10-28,25936.2,16858.53
2025-10-29,26053.9,16935.04
2025-10-30,25877.85,16820.6
2025-10-31,25722.1,16719.36
2025-11-03,25763.35,16746.18
2025-11-04,25597.65,16638.47
2025-11-06,25509.7,16581.3
2025-11-07,25492.3,16570.0
2025-11-10,25574.35,16623.33
2025-11-11,25694.95,16701.72
2025-11-12,25875.8,16819.27
2025-11-13,25879.15,16821.45
2025-11-14,25910.05,16841.53
2025-11-17,26013.45,16908.74
2025-11-18,25910.05,16841.53
2025-11-19,26052.65,16934.22
2025-11-20,26192.15,17024.9
2025-11-21,26068.15,16944.3
2025-11-24,25959.5,16873.67
2025-11-25,25884.8,16825.12
2025-11-26,26205.3,17033.45
2025-11-27,26215.55,17040.11
2025-11-28,26202.95,17031.92
2025-12-01,26175.75,17014.24
2025-12-02,26032.2,16920.93
2025-12-03,25986.0,16890.9
2025-12-04,26033.75,16921.94
2025-12-05,26186.45,17021.19
2025-12-08,25960.55,16874.36
2025-12-09,25839.65,16795.77
2025-12-10,25758.0,16742.7
2025-12-11,25898.55,16834.06
2025-12-12,26046.95,16930.52
2025-12-15,26027.3,16917.75
2025-12-16,25860.1,16809.06
2025-12-17,25818.55,16782.06
2025-12-18,25815.55,16780.11
2025-12-19,25966.4,16878.16
2025-12-22,26172.4,17012.06
2025-12-23,26177.15,17015.15
2025-12-24,26142.1,16992.36
2025-12-26,26042.3,16927.5
2025-12-29,25942.1,16862.36
2025-12-30,25938.85,16860.25
2025-12-31,26129.6,16984.24
2026-01-01,26146.55,16995.26
2026-01-02,26328.55,17113.56
2026-01-05,26250.3,17062.7
2026-01-06,26178.7,17016.15
2026-01-07,26140.75,16991.49
2026-01-08,25876.85,16819.95
2026-01-09,25683.3,16694.15
2026-01-12,25790.25,16763.66
2026-01-13,25732.3,16726.0
2026-01-14,25665.6,16682.64
2026-01-16,25694.35,16701.33
2026-01-19,25585.5,16630.58
2026-01-20,25232.5,16401.12
2026-01-21,25157.5,16352.38
2026-01-22,25289.9,16438.44
2026-01-23,25048.65,16281.62
2026-01-27,25175.4,16364.01
2026-01-28,25342.75,16472.79
2026-01-29,25418.9,16522.29
2026-01-30,25320.65,16458.42
2026-02-02,25088.4,16307.46
2026-02-03,25727.55,16722.91
2026-02-04,25776.0,16754.4
2026-02-05,25642.8,16667.82
2026-02-06,25693.7,16700.9
2026-02-09,25867.3,16813.75
2026-02-10,25935.15,16857.85
2026-02-11,25953.85,16870.0
2026-02-12,25807.2,16774.68
2026-02-13,25471.1,16556.21
2026-02-16,25682.75,16693.79
2026-02-17,25725.4,16721.51
2026-02-18,25819.35,16782.58
2026-02-19,25454.35,16545.33
2026-02-20,25571.25,16621.31
2026-02-23,25713.0,16713.45
2026-02-24,25424.65,16526.02
2026-02-25,25482.5,16563.62
2026-02-26,25496.55,16572.76
2026-02-27,25178.65,16366.12
2026-03-02,24865.7,16162.7
2026-03-04,24480.5,15912.33
2026-03-05,24765.9,16097.84
2026-03-06,24450.45,15892.79
2026-03-09,24028.05,15618.23
2026-03-10,24261.6,15770.04
2026-03-11,23866.85,15513.45
2026-03-12,23639.15,15365.45
2026-03-13,23151.1,15048.21
2026-03-16,23408.8,15215.72
2026-03-17,23581.15,15327.75
2026-03-18,23777.8,15455.57
2026-03-19,23002.15,14951.4
2026-03-20,23114.5,15024.43
2026-03-23,22512.65,14633.22
2026-03-24,22912.4,14893.06
2026-03-25,23306.45,15149.19
2026-03-27,22819.6,14832.74
2026-03-30,22331.4,14515.41
2026-04-01,22679.4,14741.61
2026-04-02,22713.1,14763.51
2026-04-06,22968.25,14929.36
2026-04-07,23123.65,15030.37
2026-04-08,23997.35,15598.28
2026-04-09,23775.1,15453.81
2026-04-10,24050.6,15632.89
2026-04-13,23842.65,15497.72
2026-04-15,24231.3,15750.35
2026-04-16,24196.75,15727.89
2026-04-17,24353.55,15829.81
2026-04-20,24364.85,15837.15
2026-04-21,24576.6,15974.79
2026-04-22,24378.1,15845.76
2026-04-23,24173.05,15712.48
2026-04-24,23897.95,15533.67
2026-04-27,24092.7,15660.25
2026-04-28,23995.7,15597.2
2026-04-29,24177.65,15715.47
2026-04-30,23997.55,15598.41
2026-05-04,24119.3,15677.55
2026-05-05,24032.8,15621.32
2026-05-06,24330.95,15815.12
2026-05-07,24326.65,15812.32
2026-05-08,24176.15,15714.5
2026-05-11,23815.85,15480.3
2026-05-12,23379.55,15196.71
2026-05-13,23412.6,15218.19
2026-05-14,23689.6,15398.24
2026-05-15,23643.5,15368.27
2026-05-18,23649.95,15372.47
2026-05-19,23618.0,15351.7
2026-05-20,23659.0,15378.35
2026-05-21,23654.7,15375.55
2026-05-22,23719.3,15417.55
2026-05-25,24031.7,15620.6
2026-05-26,23913.7,15543.9
2026-05-27,23907.15,15539.65
2026-05-29,23547.75,15306.04
2026-06-01,23382.6,15198.69
2026-08-20,24231.85,19841.45
